,_id,adId,__v,active,adGroupId,asin,campaignId,createdAt,optimizing,profileId,region,sku,slug,state,updatedAt
0,638809d6df3731ec1fcc885c,123542860696707,0,True,278646096824627,B098R5KZYX,199579042919458,2022-12-01 01:56:26.245,False,3932195223562143,us,FIT-HEAL-WB-SM-L-01,fit-heal-wb-sm-l-01,enabled,2022-12-29 06:05:01.812
1,638809d6df3731ec1fcc895d,60846482359384,0,True,278646096824627,B098R4WY6N,199579042919458,2022-12-01 01:56:26.245,False,3932195223562143,us,FIT-HEAL-WB-SM-R-01,fit-heal-wb-sm-r-01,enabled,2022-12-29 06:05:01.973
2,638809d6df3731ec1fcc89b8,40892160274528,0,True,278646096824627,B098R478GX,199579042919458,2022-12-01 01:56:26.245,False,3932195223562143,us,FIT-HEAL-WB-LXL-L-01,fit-heal-wb-lxl-l-01,enabled,2022-12-29 06:05:02.122
3,638809d6df3731ec1fcc89e9,99814170683265,0,True,278646096824627,B098R5HTVB,199579042919458,2022-12-01 01:56:26.245,False,3932195223562143,us,FIT-HEAL-WB-LXL-R-01,fit-heal-wb-lxl-r-01,enabled,2022-12-29 06:05:02.271
4,638809d9df3731ec1fcc8f05,188594028311803,0,True,87976560930556,B098R5KZYX,199579042919458,2022-12-01 01:56:26.245,False,3932195223562143,us,FIT-HEAL-WB-SM-L-01,fit-heal-wb-sm-l-01,enabled,2022-12-29 06:05:05.326
5,638809dadf3731ec1fcc8f3a,229407907142977,0,True,87976560930556,B098R4WY6N,199579042919458,2022-12-01 01:56:26.245,False,3932195223562143,us,FIT-HEAL-WB-SM-R-01,fit-heal-wb-sm-r-01,enabled,2022-12-29 06:05:05.474
6,638809dadf3731ec1fcc8f6e,261638457096244,0,True,87976560930556,B098R478GX,199579042919458,2022-12-01 01:56:26.245,False,3932195223562143,us,FIT-HEAL-WB-LXL-L-01,fit-heal-wb-lxl-l-01,enabled,2022-12-29 06:05:05.625
7,638809dadf3731ec1fcc8fb0,227927424001725,0,True,87976560930556,B098R5HTVB,199579042919458,2022-12-01 01:56:26.245,False,3932195223562143,us,FIT-HEAL-WB-LXL-R-01,fit-heal-wb-lxl-r-01,enabled,2022-12-29 06:05:05.773
8,638809e2df3731ec1fcc9e4b,50856486662223,0,True,232259325544673,B098R5KZYX,199579042919458,2022-12-01 01:56:26.245,False,3932195223562143,us,FIT-HEAL-WB-SM-L-01,fit-heal-wb-sm-l-01,enabled,2022-12-29 06:05:13.849
9,638809e2df3731ec1fcc9ea5,110313405896037,0,True,232259325544673,B098R4WY6N,199579042919458,2022-12-01 01:56:26.245,False,3932195223562143,us,FIT-HEAL-WB-SM-R-01,fit-heal-wb-sm-r-01,enabled,2022-12-29 06:05:13.998
10,638809e3df3731ec1fcc9ee1,73551756394688,0,True,232259325544673,B098R478GX,199579042919458,2022-12-01 01:56:26.245,False,3932195223562143,us,FIT-HEAL-WB-LXL-L-01,fit-heal-wb-lxl-l-01,enabled,2022-12-29 06:05:14.146
11,638809e3df3731ec1fcc9f14,35616322618584,0,True,232259325544673,B098R5HTVB,199579042919458,2022-12-01 01:56:26.245,False,3932195223562143,us,FIT-HEAL-WB-LXL-R-01,fit-heal-wb-lxl-r-01,enabled,2022-12-29 06:05:14.295
12,638809e6df3731ec1fcca3bf,93376768146386,0,True,74991666386069,B098R5KZYX,199579042919458,2022-12-01 01:56:26.245,False,3932195223562143,us,FIT-HEAL-WB-SM-L-01,fit-heal-wb-sm-l-01,enabled,2022-12-29 06:05:17.242
13,638809e6df3731ec1fcca421,12274639266587,0,True,74991666386069,B098R4WY6N,199579042919458,2022-12-01 01:56:26.245,False,3932195223562143,us,FIT-HEAL-WB-SM-R-01,fit-heal-wb-sm-r-01,enabled,2022-12-29 06:05:17.390
14,638809e6df3731ec1fcca4c5,12758229259540,0,True,74991666386069,B098R478GX,199579042919458,2022-12-01 01:56:26.245,False,3932195223562143,us,FIT-HEAL-WB-LXL-L-01,fit-heal-wb-lxl-l-01,enabled,2022-12-29 06:05:17.540
15,638809e6df3731ec1fcca511,207357523171033,0,True,74991666386069,B098R5HTVB,199579042919458,2022-12-01 01:56:26.245,False,3932195223562143,us,FIT-HEAL-WB-LXL-R-01,fit-heal-wb-lxl-r-01,enabled,2022-12-29 06:05:17.688
16,638809eddf3731ec1fccb43a,132220182299061,0,True,259153222647841,B098R5KZYX,199579042919458,2022-12-01 01:56:26.245,False,3932195223562143,us,FIT-HEAL-WB-SM-L-01,fit-heal-wb-sm-l-01,enabled,2022-12-29 06:05:23.855
17,638809eddf3731ec1fccb490,36857230208088,0,True,259153222647841,B098R4WY6N,199579042919458,2022-12-01 01:56:26.245,False,3932195223562143,us,FIT-HEAL-WB-SM-R-01,fit-heal-wb-sm-r-01,enabled,2022-12-29 06:05:24.003
18,638809eddf3731ec1fccb503,230564494084,0,True,259153222647841,B098R478GX,199579042919458,2022-12-01 01:56:26.245,False,3932195223562143,us,FIT-HEAL-WB-LXL-L-01,fit-heal-wb-lxl-l-01,enabled,2022-12-29 06:05:24.151
19,638809eedf3731ec1fccb544,96336500325550,0,True,259153222647841,B098R5HTVB,199579042919458,2022-12-01 01:56:26.245,False,3932195223562143,us,FIT-HEAL-WB-LXL-R-01,fit-heal-wb-lxl-r-01,enabled,2022-12-29 06:05:24.298
20,638809f6df3731ec1fcccf9b,195474566988761,0,True,72544142742258,B098R5KZYX,96074406077867,2022-12-01 01:56:26.245,False,3932195223562143,us,FIT-HEAL-WB-SM-L-01,fit-heal-wb-sm-l-01,enabled,2022-12-29 06:05:32.642
21,638809f6df3731ec1fccd022,248672280219073,0,True,72544142742258,B098R4WY6N,96074406077867,2022-12-01 01:56:26.245,False,3932195223562143,us,FIT-HEAL-WB-SM-R-01,fit-heal-wb-sm-r-01,enabled,2022-12-29 06:05:32.790
22,638809f6df3731ec1fccd0c1,179495816364089,0,True,72544142742258,B098R478GX,96074406077867,2022-12-01 01:56:26.245,False,3932195223562143,us,FIT-HEAL-WB-LXL-L-01,fit-heal-wb-lxl-l-01,enabled,2022-12-29 06:05:32.940
23,638809f6df3731ec1fccd15c,248656519378241,0,True,72544142742258,B098R5HTVB,96074406077867,2022-12-01 01:56:26.245,False,3932195223562143,us,FIT-HEAL-WB-LXL-R-01,fit-heal-wb-lxl-r-01,enabled,2022-12-29 06:05:33.090
24,63880a06df3731ec1fccf0fa,136229741027125,0,True,44574259503212,B098R5KZYX,96074406077867,2022-12-01 01:56:26.245,False,3932195223562143,us,FIT-HEAL-WB-SM-L-01,fit-heal-wb-sm-l-01,enabled,2022-12-29 06:05:47.631
25,63880a06df3731ec1fccf145,153181736434776,0,True,44574259503212,B098R4WY6N,96074406077867,2022-12-01 01:56:26.245,False,3932195223562143,us,FIT-HEAL-WB-SM-R-01,fit-heal-wb-sm-r-01,enabled,2022-12-29 06:05:47.779
26,63880a06df3731ec1fccf19a,219923103711942,0,True,44574259503212,B098R478GX,96074406077867,2022-12-01 01:56:26.245,False,3932195223562143,us,FIT-HEAL-WB-LXL-L-01,fit-heal-wb-lxl-l-01,enabled,2022-12-29 06:05:47.928
27,63880a06df3731ec1fccf21c,246262078770093,0,True,44574259503212,B098R5HTVB,96074406077867,2022-12-01 01:56:26.245,False,3932195223562143,us,FIT-HEAL-WB-LXL-R-01,fit-heal-wb-lxl-r-01,enabled,2022-12-29 06:05:48.076
28,63880a0ddf3731ec1fccfe04,105504202217234,0,True,57904290983075,B098R5KZYX,96074406077867,2022-12-01 01:56:26.245,False,3932195223562143,us,FIT-HEAL-WB-SM-L-01,fit-heal-wb-sm-l-01,enabled,2022-12-29 06:05:54.178
29,63880a0ddf3731ec1fccfe38,229656976715382,0,True,57904290983075,B098R4WY6N,96074406077867,2022-12-01 01:56:26.245,False,3932195223562143,us,FIT-HEAL-WB-SM-R-01,fit-heal-wb-sm-r-01,enabled,2022-12-29 06:05:54.325
30,63880a0ddf3731ec1fccfeab,157613398255784,0,True,57904290983075,B098R478GX,96074406077867,2022-12-01 01:56:26.245,False,3932195223562143,us,FIT-HEAL-WB-LXL-L-01,fit-heal-wb-lxl-l-01,enabled,2022-12-29 06:05:54.472
31,63880a0ddf3731ec1fccff07,228535234262119,0,True,57904290983075,B098R5HTVB,96074406077867,2022-12-01 01:56:26.245,False,3932195223562143,us,FIT-HEAL-WB-LXL-R-01,fit-heal-wb-lxl-r-01,enabled,2022-12-29 06:05:54.619
32,63880a15df3731ec1fcd0c43,13143599532886,0,True,239919069392894,B098R5KZYX,209723663620297,2022-12-01 01:56:26.245,False,3932195223562143,us,FIT-HEAL-WB-SM-L-01,fit-heal-wb-sm-l-01,enabled,2022-12-29 06:06:01.939
33,63880a16df3731ec1fcd0c72,124590234901292,0,True,239919069392894,B098R4WY6N,209723663620297,2022-12-01 01:56:26.245,False,3932195223562143,us,FIT-HEAL-WB-SM-R-01,fit-heal-wb-sm-r-01,enabled,2022-12-29 06:06:02.086
34,63880a16df3731ec1fcd0ca1,118474313581401,0,True,239919069392894,B098R478GX,209723663620297,2022-12-01 01:56:26.245,False,3932195223562143,us,FIT-HEAL-WB-LXL-L-01,fit-heal-wb-lxl-l-01,enabled,2022-12-29 06:06:02.266
35,63880a16df3731ec1fcd0cd0,253752963245943,0,True,239919069392894,B098R5HTVB,209723663620297,2022-12-01 01:56:26.245,False,3932195223562143,us,FIT-HEAL-WB-LXL-R-01,fit-heal-wb-lxl-r-01,enabled,2022-12-29 06:06:02.416
36,63880a1fdf3731ec1fcd1bd1,150607443731825,0,True,119122310737506,B098R5KZYX,209723663620297,2022-12-01 01:56:26.245,False,3932195223562143,us,FIT-HEAL-WB-SM-L-01,fit-heal-wb-sm-l-01,enabled,2022-12-29 06:06:11.332
37,63880a1fdf3731ec1fcd1c14,35714080963332,0,True,119122310737506,B098R4WY6N,209723663620297,2022-12-01 01:56:26.245,False,3932195223562143,us,FIT-HEAL-WB-SM-R-01,fit-heal-wb-sm-r-01,enabled,2022-12-29 06:06:11.480
38,63880a1fdf3731ec1fcd1c4f,168261661177012,0,True,119122310737506,B098R478GX,209723663620297,2022-12-01 01:56:26.245,False,3932195223562143,us,FIT-HEAL-WB-LXL-L-01,fit-heal-wb-lxl-l-01,enabled,2022-12-29 06:06:11.628
39,63880a1fdf3731ec1fcd1c92,206208473939009,0,True,119122310737506,B098R5HTVB,209723663620297,2022-12-01 01:56:26.245,False,3932195223562143,us,FIT-HEAL-WB-LXL-R-01,fit-heal-wb-lxl-r-01,enabled,2022-12-29 06:06:11.776
40,63880a23df3731ec1fcd231f,21686649631574,0,True,186698105271032,B098R5KZYX,209723663620297,2022-12-01 01:56:26.245,False,3932195223562143,us,FIT-HEAL-WB-SM-L-01,fit-heal-wb-sm-l-01,enabled,2022-12-29 06:06:15.842
41,63880a24df3731ec1fcd23d8,89185746622775,0,True,186698105271032,B098R4WY6N,209723663620297,2022-12-01 01:56:26.245,False,3932195223562143,us,FIT-HEAL-WB-SM-R-01,fit-heal-wb-sm-r-01,enabled,2022-12-29 06:06:15.989
42,63880a24df3731ec1fcd240b,16402020512814,0,True,186698105271032,B098R478GX,209723663620297,2022-12-01 01:56:26.245,False,3932195223562143,us,FIT-HEAL-WB-LXL-L-01,fit-heal-wb-lxl-l-01,enabled,2022-12-29 06:06:16.136
43,63880a24df3731ec1fcd243a,87847628971351,0,True,186698105271032,B098R5HTVB,209723663620297,2022-12-01 01:56:26.245,False,3932195223562143,us,FIT-HEAL-WB-LXL-R-01,fit-heal-wb-lxl-r-01,enabled,2022-12-29 06:06:16.282
44,63880a2bdf3731ec1fcd34e2,69407150222011,0,True,129618366149313,B098R5KZYX,209723663620297,2022-12-01 01:56:26.245,False,3932195223562143,us,FIT-HEAL-WB-SM-L-01,fit-heal-wb-sm-l-01,enabled,2022-12-29 06:06:23.088
45,63880a2bdf3731ec1fcd3524,39707031197239,0,True,129618366149313,B098R4WY6N,209723663620297,2022-12-01 01:56:26.245,False,3932195223562143,us,FIT-HEAL-WB-SM-R-01,fit-heal-wb-sm-r-01,enabled,2022-12-29 06:06:23.239
46,63880a2cdf3731ec1fcd356e,224118992201549,0,True,129618366149313,B098R478GX,209723663620297,2022-12-01 01:56:26.245,False,3932195223562143,us,FIT-HEAL-WB-LXL-L-01,fit-heal-wb-lxl-l-01,enabled,2022-12-29 06:06:23.387
47,63880a2cdf3731ec1fcd3673,80078030676103,0,True,129618366149313,B098R5HTVB,209723663620297,2022-12-01 01:56:26.245,False,3932195223562143,us,FIT-HEAL-WB-LXL-R-01,fit-heal-wb-lxl-r-01,enabled,2022-12-29 06:06:23.538
48,63880a2fdf3731ec1fcd3ce4,89065993253711,0,True,51363092806987,B098R5KZYX,209723663620297,2022-12-01 01:56:26.245,False,3932195223562143,us,FIT-HEAL-WB-SM-L-01,fit-heal-wb-sm-l-01,enabled,2022-12-29 06:06:26.381
49,63880a2fdf3731ec1fcd3d30,75117355793798,0,True,51363092806987,B098R4WY6N,209723663620297,2022-12-01 01:56:26.245,False,3932195223562143,us,FIT-HEAL-WB-SM-R-01,fit-heal-wb-sm-r-01,enabled,2022-12-29 06:06:26.528
50,63880a2fdf3731ec1fcd3d86,142216768087604,0,True,51363092806987,B098R478GX,209723663620297,2022-12-01 01:56:26.245,False,3932195223562143,us,FIT-HEAL-WB-LXL-L-01,fit-heal-wb-lxl-l-01,enabled,2022-12-29 06:06:26.677
51,63880a2fdf3731ec1fcd3dcb,177181240318174,0,True,51363092806987,B098R5HTVB,209723663620297,2022-12-01 01:56:26.245,False,3932195223562143,us,FIT-HEAL-WB-LXL-R-01,fit-heal-wb-lxl-r-01,enabled,2022-12-29 06:06:26.825
52,63880a32df3731ec1fcd4384,97105817964027,0,True,25201486664641,B098R5KZYX,209723663620297,2022-12-01 01:56:26.245,False,3932195223562143,us,FIT-HEAL-WB-SM-L-01,fit-heal-wb-sm-l-01,enabled,2022-12-29 06:06:29.603
53,63880a32df3731ec1fcd43d4,270914395305202,0,True,25201486664641,B098R4WY6N,209723663620297,2022-12-01 01:56:26.245,False,3932195223562143,us,FIT-HEAL-WB-SM-R-01,fit-heal-wb-sm-r-01,enabled,2022-12-29 06:06:29.753
54,63880a32df3731ec1fcd441d,188908359982568,0,True,25201486664641,B098R478GX,209723663620297,2022-12-01 01:56:26.245,False,3932195223562143,us,FIT-HEAL-WB-LXL-L-01,fit-heal-wb-lxl-l-01,enabled,2022-12-29 06:06:29.900
55,63880a33df3731ec1fcd4480,211019136503114,0,True,25201486664641,B098R5HTVB,209723663620297,2022-12-01 01:56:26.245,False,3932195223562143,us,FIT-HEAL-WB-LXL-R-01,fit-heal-wb-lxl-r-01,enabled,2022-12-29 06:06:30.049
56,63880a38df3731ec1fcd5819,146853646781137,0,True,187044854171987,B098R5KZYX,105412694026464,2022-12-01 01:56:26.245,False,3932195223562143,us,FIT-HEAL-WB-SM-L-01,fit-heal-wb-sm-l-01,enabled,2022-12-29 06:06:34.895
57,63880a38df3731ec1fcd584e,107907824985192,0,True,187044854171987,B098R4WY6N,105412694026464,2022-12-01 01:56:26.245,False,3932195223562143,us,FIT-HEAL-WB-SM-R-01,fit-heal-wb-sm-r-01,enabled,2022-12-29 06:06:35.054
58,63880a38df3731ec1fcd5883,273510265913381,0,True,187044854171987,B098R478GX,105412694026464,2022-12-01 01:56:26.245,False,3932195223562143,us,FIT-HEAL-WB-LXL-L-01,fit-heal-wb-lxl-l-01,enabled,2022-12-29 06:06:35.300
59,63880a38df3731ec1fcd58d6,261922098981992,0,True,187044854171987,B098R5HTVB,105412694026464,2022-12-01 01:56:26.245,False,3932195223562143,us,FIT-HEAL-WB-LXL-R-01,fit-heal-wb-lxl-r-01,enabled,2022-12-29 06:06:35.478
60,63880a3fdf3731ec1fcd64bf,67313677894935,0,True,130390051271194,B098R5KZYX,105412694026464,2022-12-01 01:56:26.245,False,3932195223562143,us,FIT-HEAL-WB-SM-L-01,fit-heal-wb-sm-l-01,enabled,2022-12-29 06:06:41.607
61,63880a3fdf3731ec1fcd64ef,205509527326214,0,True,130390051271194,B098R4WY6N,105412694026464,2022-12-01 01:56:26.245,False,3932195223562143,us,FIT-HEAL-WB-SM-R-01,fit-heal-wb-sm-r-01,enabled,2022-12-29 06:06:41.756
62,63880a3fdf3731ec1fcd651d,245569927818296,0,True,130390051271194,B098R478GX,105412694026464,2022-12-01 01:56:26.245,False,3932195223562143,us,FIT-HEAL-WB-LXL-L-01,fit-heal-wb-lxl-l-01,enabled,2022-12-29 06:06:41.903
63,63880a3fdf3731ec1fcd6551,114871581140617,0,True,130390051271194,B098R5HTVB,105412694026464,2022-12-01 01:56:26.245,False,3932195223562143,us,FIT-HEAL-WB-LXL-R-01,fit-heal-wb-lxl-r-01,enabled,2022-12-29 06:06:42.051
64,63880a4fdf3731ec1fcd8026,143746689751663,0,True,20522323614021,B098R5KZYX,105412694026464,2022-12-01 01:56:26.245,False,3932195223562143,us,FIT-HEAL-WB-SM-L-01,fit-heal-wb-sm-l-01,enabled,2022-12-29 06:06:57.046
65,63880a4fdf3731ec1fcd805d,204647881220471,0,True,20522323614021,B098R4WY6N,105412694026464,2022-12-01 01:56:26.245,False,3932195223562143,us,FIT-HEAL-WB-SM-R-01,fit-heal-wb-sm-r-01,enabled,2022-12-29 06:06:57.195
66,63880a4fdf3731ec1fcd808e,57031467556784,0,True,20522323614021,B098R478GX,105412694026464,2022-12-01 01:56:26.245,False,3932195223562143,us,FIT-HEAL-WB-LXL-L-01,fit-heal-wb-lxl-l-01,enabled,2022-12-29 06:06:57.344
67,63880a50df3731ec1fcd80ef,138260370182044,0,True,20522323614021,B098R5HTVB,105412694026464,2022-12-01 01:56:26.245,False,3932195223562143,us,FIT-HEAL-WB-LXL-R-01,fit-heal-wb-lxl-r-01,enabled,2022-12-29 06:06:57.492
68,63880a57df3731ec1fcd8c2a,190320182512070,0,True,6358607360713,B09BJYZ488,248349548506577,2022-12-01 01:56:26.245,False,3932195223562143,us,A0-DEEV-B2E5,a0-deev-b2e5,enabled,2022-12-29 06:07:04.585
69,63880a57df3731ec1fcd8c64,25551390331816,0,True,6358607360713,B09BJZ4SRP,248349548506577,2022-12-01 01:56:26.245,False,3932195223562143,us,OC-EQJH-QP84,oc-eqjh-qp84,enabled,2022-12-29 06:07:04.732
70,63880a57df3731ec1fcd8c98,161480222387057,0,True,6358607360713,B09BJW6L2M,248349548506577,2022-12-01 01:56:26.245,False,3932195223562143,us,DA-XP8S-Z4QZ,da-xp8s-z4qz,enabled,2022-12-29 06:07:04.880
71,63880a57df3731ec1fcd8cc4,190869844766042,0,True,6358607360713,B09BJYS6S8,248349548506577,2022-12-01 01:56:26.245,False,3932195223562143,us,9P-1C4Z-J3PN,9p-1c4z-j3pn,enabled,2022-12-29 06:07:05.027
72,63880a5adf3731ec1fcd90fb,266592900617585,0,True,106156289410008,B09BJYZ488,106003846873221,2022-12-01 01:56:26.245,False,3932195223562143,us,A0-DEEV-B2E5,a0-deev-b2e5,enabled,2022-12-29 06:07:07.330
73,63880a5adf3731ec1fcd914a,97969768730728,0,True,106156289410008,B09BJZ4SRP,106003846873221,2022-12-01 01:56:26.245,False,3932195223562143,us,OC-EQJH-QP84,oc-eqjh-qp84,enabled,2022-12-29 06:07:07.478
74,63880a5adf3731ec1fcd9189,170036988980469,0,True,106156289410008,B09BJW6L2M,106003846873221,2022-12-01 01:56:26.245,False,3932195223562143,us,DA-XP8S-Z4QZ,da-xp8s-z4qz,enabled,2022-12-29 06:07:07.624
75,63880a5adf3731ec1fcd91c5,10421632342956,0,True,106156289410008,B09BJYS6S8,106003846873221,2022-12-01 01:56:26.245,False,3932195223562143,us,9P-1C4Z-J3PN,9p-1c4z-j3pn,enabled,2022-12-29 06:07:07.772
76,63880a5cdf3731ec1fcd94dc,161590651478195,0,True,152273670255271,B09BJYZ488,248520866599322,2022-12-01 01:56:26.245,False,3932195223562143,us,A0-DEEV-B2E5,a0-deev-b2e5,enabled,2022-12-29 06:07:10.177
77,63880a5ddf3731ec1fcd9508,191624092911625,0,True,152273670255271,B09BJZ4SRP,248520866599322,2022-12-01 01:56:26.245,False,3932195223562143,us,OC-EQJH-QP84,oc-eqjh-qp84,enabled,2022-12-29 06:07:10.326
78,63880a5ddf3731ec1fcd9556,99751593164238,0,True,152273670255271,B09BJW6L2M,248520866599322,2022-12-01 01:56:26.245,False,3932195223562143,us,DA-XP8S-Z4QZ,da-xp8s-z4qz,enabled,2022-12-29 06:07:10.474
79,63880a5ddf3731ec1fcd9590,232413164675871,0,True,152273670255271,B09BJYS6S8,248520866599322,2022-12-01 01:56:26.245,False,3932195223562143,us,9P-1C4Z-J3PN,9p-1c4z-j3pn,enabled,2022-12-29 06:07:10.622
80,63880a6edf3731ec1fcdbb65,276773199320183,0,True,2324950256784,B092MM8SYV,260980622670862,2022-12-01 01:56:26.245,False,3932195223562143,us,FIT-HEAL-HFG-L-01,fit-heal-hfg-l-01,enabled,2022-12-29 06:07:25.745
81,63880a6edf3731ec1fcdbbf4,29702314728939,0,True,2324950256784,B092MP8D8J,260980622670862,2022-12-01 01:56:26.245,False,3932195223562143,us,FIT-HEAL-HFG-XL-01,fit-heal-hfg-xl-01,enabled,2022-12-29 06:07:25.894
82,63880a6edf3731ec1fcdbc66,103843777688575,0,True,2324950256784,B092MQQW3W,260980622670862,2022-12-01 01:56:26.245,False,3932195223562143,us,FIT-HEAL-HFG-M-01,fit-heal-hfg-m-01,enabled,2022-12-29 06:07:26.042
83,63880a6edf3731ec1fcdbcb9,260162049037598,0,True,2324950256784,B092MQTBDF,260980622670862,2022-12-01 01:56:26.245,False,3932195223562143,us,FIT-HEAL-HFG-S-01,fit-heal-hfg-s-01,enabled,2022-12-29 06:07:26.188
84,63880a70df3731ec1fcdc185,73192384774924,0,True,37662430720510,B092MM8SYV,16297002239515,2022-12-01 01:56:26.245,False,3932195223562143,us,FIT-HEAL-HFG-L-01,fit-heal-hfg-l-01,enabled,2022-12-29 06:07:28.855
85,63880a71df3731ec1fcdc1c8,189855938921303,0,True,37662430720510,B092MP8D8J,16297002239515,2022-12-01 01:56:26.245,False,3932195223562143,us,FIT-HEAL-HFG-XL-01,fit-heal-hfg-xl-01,enabled,2022-12-29 06:07:29.002
86,63880a71df3731ec1fcdc216,104488185368352,0,True,37662430720510,B092MQQW3W,16297002239515,2022-12-01 01:56:26.245,False,3932195223562143,us,FIT-HEAL-HFG-M-01,fit-heal-hfg-m-01,enabled,2022-12-29 06:07:29.149
87,63880a71df3731ec1fcdc263,254833509154028,0,True,37662430720510,B092MQTBDF,16297002239515,2022-12-01 01:56:26.245,False,3932195223562143,us,FIT-HEAL-HFG-S-01,fit-heal-hfg-s-01,enabled,2022-12-29 06:07:29.297
88,63880a80df3731ec1fcddd0e,184612753862399,0,True,152027729488071,B092MM8SYV,16297002239515,2022-12-01 01:56:26.245,False,3932195223562143,us,FIT-HEAL-HFG-L-01,fit-heal-hfg-l-01,enabled,2022-12-29 06:07:44.407
89,63880a80df3731ec1fcddd3f,181392786316821,0,True,152027729488071,B092MP8D8J,16297002239515,2022-12-01 01:56:26.245,False,3932195223562143,us,FIT-HEAL-HFG-XL-01,fit-heal-hfg-xl-01,enabled,2022-12-29 06:07:44.556
90,63880a81df3731ec1fcddd87,177857495555261,0,True,152027729488071,B092MQQW3W,16297002239515,2022-12-01 01:56:26.245,False,3932195223562143,us,FIT-HEAL-HFG-M-01,fit-heal-hfg-m-01,enabled,2022-12-29 06:07:44.703
91,63880a81df3731ec1fcdddbf,98597326402184,0,True,152027729488071,B092MQTBDF,16297002239515,2022-12-01 01:56:26.245,False,3932195223562143,us,FIT-HEAL-HFG-S-01,fit-heal-hfg-s-01,enabled,2022-12-29 06:07:44.851
92,63880bc4df3731ec1fd053fb,173582047445903,0,True,152533925925267,B092MM8SYV,16297002239515,2022-12-01 01:56:26.245,False,3932195223562143,us,FIT-HEAL-HFG-L-01,fit-heal-hfg-l-01,enabled,2022-12-29 06:12:44.085
93,63880bc4df3731ec1fd05427,203576000883668,0,True,152533925925267,B092MP8D8J,16297002239515,2022-12-01 01:56:26.245,False,3932195223562143,us,FIT-HEAL-HFG-XL-01,fit-heal-hfg-xl-01,enabled,2022-12-29 06:12:44.234
94,63880bc4df3731ec1fd05467,105475403953400,0,True,152533925925267,B092MQQW3W,16297002239515,2022-12-01 01:56:26.245,False,3932195223562143,us,FIT-HEAL-HFG-M-01,fit-heal-hfg-m-01,enabled,2022-12-29 06:12:44.382
95,63880bc5df3731ec1fd05499,83790425289196,0,True,152533925925267,B092MQTBDF,16297002239515,2022-12-01 01:56:26.245,False,3932195223562143,us,FIT-HEAL-HFG-S-01,fit-heal-hfg-s-01,enabled,2022-12-29 06:12:44.530
96,63880bc8df3731ec1fd05bb7,86061593120165,0,True,122122685224177,B092MM8SYV,16297002239515,2022-12-01 01:56:26.245,False,3932195223562143,us,FIT-HEAL-HFG-L-01,fit-heal-hfg-l-01,enabled,2022-12-29 06:12:48.000
97,63880bc8df3731ec1fd05c1f,71079546285346,0,True,122122685224177,B092MP8D8J,16297002239515,2022-12-01 01:56:26.245,False,3932195223562143,us,FIT-HEAL-HFG-XL-01,fit-heal-hfg-xl-01,enabled,2022-12-29 06:12:48.148
98,63880bc9df3731ec1fd05ca8,274004725314922,0,True,122122685224177,B092MQQW3W,16297002239515,2022-12-01 01:56:26.245,False,3932195223562143,us,FIT-HEAL-HFG-M-01,fit-heal-hfg-m-01,enabled,2022-12-29 06:12:48.296
99,63880bc9df3731ec1fd05ce4,86668274482691,0,True,122122685224177,B092MQTBDF,16297002239515,2022-12-01 01:56:26.245,False,3932195223562143,us,FIT-HEAL-HFG-S-01,fit-heal-hfg-s-01,enabled,2022-12-29 06:12:48.442
100,63880bf3df3731ec1fd0b053,195017492682296,0,True,267190865577961,B092MM8SYV,16297002239515,2022-12-01 01:56:26.245,False,3932195223562143,us,FIT-HEAL-HFG-L-01,fit-heal-hfg-l-01,enabled,2022-12-29 06:13:27.514
101,63880bf3df3731ec1fd0b088,131844872120739,0,True,267190865577961,B092MP8D8J,16297002239515,2022-12-01 01:56:26.245,False,3932195223562143,us,FIT-HEAL-HFG-XL-01,fit-heal-hfg-xl-01,enabled,2022-12-29 06:13:27.661
102,63880bf3df3731ec1fd0b0b3,84687518034330,0,True,267190865577961,B092MQQW3W,16297002239515,2022-12-01 01:56:26.245,False,3932195223562143,us,FIT-HEAL-HFG-M-01,fit-heal-hfg-m-01,enabled,2022-12-29 06:13:27.811
103,63880bf3df3731ec1fd0b0ea,266764501250779,0,True,267190865577961,B092MQTBDF,16297002239515,2022-12-01 01:56:26.245,False,3932195223562143,us,FIT-HEAL-HFG-S-01,fit-heal-hfg-s-01,enabled,2022-12-29 06:13:27.958
104,63880bf7df3731ec1fd0b7d0,190974739899990,0,True,101115749301139,B092MM8SYV,16297002239515,2022-12-01 01:56:26.245,False,3932195223562143,us,FIT-HEAL-HFG-L-01,fit-heal-hfg-l-01,enabled,2022-12-29 06:13:32.155
105,63880bf8df3731ec1fd0b867,23616361702670,0,True,101115749301139,B092MQTBDF,16297002239515,2022-12-01 01:56:26.245,False,3932195223562143,us,FIT-HEAL-HFG-S-01,fit-heal-hfg-s-01,enabled,2022-12-29 06:13:32.303
106,63880bf8df3731ec1fd0b89e,253264340438300,0,True,101115749301139,B092MP8D8J,16297002239515,2022-12-01 01:56:26.245,False,3932195223562143,us,FIT-HEAL-HFG-XL-01,fit-heal-hfg-xl-01,enabled,2022-12-29 06:13:32.450
107,63880bf8df3731ec1fd0b8c4,147032172839422,0,True,101115749301139,B092MQQW3W,16297002239515,2022-12-01 01:56:26.245,False,3932195223562143,us,FIT-HEAL-HFG-M-01,fit-heal-hfg-m-01,enabled,2022-12-29 06:13:32.598
108,63880c1ddf3731ec1fd11259,65247090779789,0,True,249069970815816,B092MM8SYV,16297002239515,2022-12-01 01:56:26.245,False,3932195223562143,us,FIT-HEAL-HFG-L-01,fit-heal-hfg-l-01,enabled,2022-12-29 06:14:06.852
109,63880c1ddf3731ec1fd112a1,119287643755677,0,True,249069970815816,B092MQTBDF,16297002239515,2022-12-01 01:56:26.245,False,3932195223562143,us,FIT-HEAL-HFG-S-01,fit-heal-hfg-s-01,enabled,2022-12-29 06:14:07.000
110,63880c1ddf3731ec1fd112e9,248651704572859,0,True,249069970815816,B092MP8D8J,16297002239515,2022-12-01 01:56:26.245,False,3932195223562143,us,FIT-HEAL-HFG-XL-01,fit-heal-hfg-xl-01,enabled,2022-12-29 06:14:07.147
111,63880c1edf3731ec1fd11341,171848460783060,0,True,249069970815816,B092MQQW3W,16297002239515,2022-12-01 01:56:26.245,False,3932195223562143,us,FIT-HEAL-HFG-M-01,fit-heal-hfg-m-01,enabled,2022-12-29 06:14:07.294
112,63880c43df3731ec1fd1561f,226167602341275,0,True,36449434772992,B092MM8SYV,16297002239515,2022-12-01 01:56:26.245,False,3932195223562143,us,FIT-HEAL-HFG-L-01,fit-heal-hfg-l-01,enabled,2022-12-29 06:14:41.286
113,63880c43df3731ec1fd15654,16288282292493,0,True,36449434772992,B092MQTBDF,16297002239515,2022-12-01 01:56:26.245,False,3932195223562143,us,FIT-HEAL-HFG-S-01,fit-heal-hfg-s-01,enabled,2022-12-29 06:14:41.435
114,63880c43df3731ec1fd15696,174181108405363,0,True,36449434772992,B092MP8D8J,16297002239515,2022-12-01 01:56:26.245,False,3932195223562143,us,FIT-HEAL-HFG-XL-01,fit-heal-hfg-xl-01,enabled,2022-12-29 06:14:41.582
115,63880c43df3731ec1fd156dd,43969412727587,0,True,36449434772992,B092MQQW3W,16297002239515,2022-12-01 01:56:26.245,False,3932195223562143,us,FIT-HEAL-HFG-M-01,fit-heal-hfg-m-01,enabled,2022-12-29 06:14:41.731
116,63880c4adf3731ec1fd1675a,191506479829373,0,True,49449683614806,B092MM8SYV,16297002239515,2022-12-01 01:56:26.245,False,3932195223562143,us,FIT-HEAL-HFG-L-01,fit-heal-hfg-l-01,enabled,2022-12-29 06:14:48.540
117,63880c4adf3731ec1fd167e4,134735744818381,0,True,49449683614806,B092MQTBDF,16297002239515,2022-12-01 01:56:26.245,False,3932195223562143,us,FIT-HEAL-HFG-S-01,fit-heal-hfg-s-01,enabled,2022-12-29 06:14:48.688
118,63880c4bdf3731ec1fd16881,214741305532543,0,True,49449683614806,B092MP8D8J,16297002239515,2022-12-01 01:56:26.245,False,3932195223562143,us,FIT-HEAL-HFG-XL-01,fit-heal-hfg-xl-01,enabled,2022-12-29 06:14:48.835
119,63880c4bdf3731ec1fd168f2,32475708701907,0,True,49449683614806,B092MQQW3W,16297002239515,2022-12-01 01:56:26.245,False,3932195223562143,us,FIT-HEAL-HFG-M-01,fit-heal-hfg-m-01,enabled,2022-12-29 06:14:48.983
120,63880c5ddf3731ec1fd18cd7,123306989330474,0,True,173552187151688,B092MQTBDF,120097614815885,2022-12-01 01:56:26.245,False,3932195223562143,us,FIT-HEAL-HFG-S-01,fit-heal-hfg-s-01,enabled,2022-12-29 06:15:05.933
121,63880c5ddf3731ec1fd18d22,117230494489614,0,True,173552187151688,B092MQQW3W,120097614815885,2022-12-01 01:56:26.245,False,3932195223562143,us,FIT-HEAL-HFG-M-01,fit-heal-hfg-m-01,enabled,2022-12-29 06:15:06.081
122,63880c5ddf3731ec1fd18d4d,82068097760289,0,True,173552187151688,B092MM8SYV,120097614815885,2022-12-01 01:56:26.245,False,3932195223562143,us,FIT-HEAL-HFG-L-01,fit-heal-hfg-l-01,enabled,2022-12-29 06:15:06.227
123,63880c5ddf3731ec1fd18d74,81317586043107,0,True,173552187151688,B092MP8D8J,120097614815885,2022-12-01 01:56:26.245,False,3932195223562143,us,FIT-HEAL-HFG-XL-01,fit-heal-hfg-xl-01,enabled,2022-12-29 06:15:06.374
124,63880c60df3731ec1fd190ca,88428012412156,0,True,147521316218764,B098R4WY6N,75077510614013,2022-12-01 01:56:26.245,False,3932195223562143,us,FIT-HEAL-WB-SM-R-01,fit-heal-wb-sm-r-01,enabled,2022-12-29 06:15:08.663
125,63880c60df3731ec1fd19103,206361410196488,0,True,147521316218764,B098R478GX,75077510614013,2022-12-01 01:56:26.245,False,3932195223562143,us,FIT-HEAL-WB-LXL-L-01,fit-heal-wb-lxl-l-01,enabled,2022-12-29 06:15:08.810
126,63880c60df3731ec1fd19145,183106057607473,0,True,147521316218764,B098R5HTVB,75077510614013,2022-12-01 01:56:26.245,False,3932195223562143,us,FIT-HEAL-WB-LXL-R-01,fit-heal-wb-lxl-r-01,enabled,2022-12-29 06:15:08.957
127,63880c60df3731ec1fd19185,270603753483525,0,True,147521316218764,B098R5KZYX,75077510614013,2022-12-01 01:56:26.245,False,3932195223562143,us,FIT-HEAL-WB-SM-L-01,fit-heal-wb-sm-l-01,enabled,2022-12-29 06:15:09.105
128,63880c63df3731ec1fd196cf,62866771179131,0,True,74228618624735,B098R4WY6N,88655178633111,2022-12-01 01:56:26.245,False,3932195223562143,us,FIT-HEAL-WB-SM-R-01,fit-heal-wb-sm-r-01,enabled,2022-12-29 06:15:11.960
129,63880c63df3731ec1fd19705,260850692921435,0,True,74228618624735,B098R478GX,88655178633111,2022-12-01 01:56:26.245,False,3932195223562143,us,FIT-HEAL-WB-LXL-L-01,fit-heal-wb-lxl-l-01,enabled,2022-12-29 06:15:12.110
130,63880c63df3731ec1fd19740,12915543220352,0,True,74228618624735,B098R5HTVB,88655178633111,2022-12-01 01:56:26.245,False,3932195223562143,us,FIT-HEAL-WB-LXL-R-01,fit-heal-wb-lxl-r-01,enabled,2022-12-29 06:15:12.256
131,63880c64df3731ec1fd19783,96638607805564,0,True,74228618624735,B098R5KZYX,88655178633111,2022-12-01 01:56:26.245,False,3932195223562143,us,FIT-HEAL-WB-SM-L-01,fit-heal-wb-sm-l-01,enabled,2022-12-29 06:15:12.405
132,63880cf3df3731ec1fd2a97e,102296084811455,0,True,186108882332200,B098R4WY6N,88655178633111,2022-12-01 01:56:26.245,False,3932195223562143,us,FIT-HEAL-WB-SM-R-01,fit-heal-wb-sm-r-01,enabled,2022-12-29 06:17:25.366
133,63880cf4df3731ec1fd2a9ac,22266752655619,0,True,186108882332200,B098R478GX,88655178633111,2022-12-01 01:56:26.245,False,3932195223562143,us,FIT-HEAL-WB-LXL-L-01,fit-heal-wb-lxl-l-01,enabled,2022-12-29 06:17:25.514
134,63880cf4df3731ec1fd2a9ea,165532033394158,0,True,186108882332200,B098R5HTVB,88655178633111,2022-12-01 01:56:26.245,False,3932195223562143,us,FIT-HEAL-WB-LXL-R-01,fit-heal-wb-lxl-r-01,enabled,2022-12-29 06:17:25.662
135,63880cf4df3731ec1fd2aa30,241197792166569,0,True,186108882332200,B098R5KZYX,88655178633111,2022-12-01 01:56:26.245,False,3932195223562143,us,FIT-HEAL-WB-SM-L-01,fit-heal-wb-sm-l-01,enabled,2022-12-29 06:17:25.811
136,63880d19df3731ec1fd2f088,14469243239116,0,True,279114729727139,B098R4WY6N,88655178633111,2022-12-01 01:56:26.245,False,3932195223562143,us,FIT-HEAL-WB-SM-R-01,fit-heal-wb-sm-r-01,enabled,2022-12-29 06:17:59.568
137,63880d19df3731ec1fd2f0c4,19557793709421,0,True,279114729727139,B098R478GX,88655178633111,2022-12-01 01:56:26.245,False,3932195223562143,us,FIT-HEAL-WB-LXL-L-01,fit-heal-wb-lxl-l-01,enabled,2022-12-29 06:17:59.716
138,63880d19df3731ec1fd2f0f6,272023412831521,0,True,279114729727139,B098R5HTVB,88655178633111,2022-12-01 01:56:26.245,False,3932195223562143,us,FIT-HEAL-WB-LXL-R-01,fit-heal-wb-lxl-r-01,enabled,2022-12-29 06:17:59.863
139,63880d19df3731ec1fd2f122,235670787960795,0,True,279114729727139,B098R5KZYX,88655178633111,2022-12-01 01:56:26.245,False,3932195223562143,us,FIT-HEAL-WB-SM-L-01,fit-heal-wb-sm-l-01,enabled,2022-12-29 06:18:00.019
140,63880d20df3731ec1fd2fc09,225229093013294,0,True,184020949139010,B098R5KZYX,88655178633111,2022-12-01 01:56:26.245,False,3932195223562143,us,FIT-HEAL-WB-SM-L-01,fit-heal-wb-sm-l-01,enabled,2022-12-29 06:18:06.058
141,63880d20df3731ec1fd2fc4a,188771620825647,0,True,184020949139010,B098R4WY6N,88655178633111,2022-12-01 01:56:26.245,False,3932195223562143,us,FIT-HEAL-WB-SM-R-01,fit-heal-wb-sm-r-01,enabled,2022-12-29 06:18:06.205
142,63880d20df3731ec1fd2fc77,84260966029209,0,True,184020949139010,B098R478GX,88655178633111,2022-12-01 01:56:26.245,False,3932195223562143,us,FIT-HEAL-WB-LXL-L-01,fit-heal-wb-lxl-l-01,enabled,2022-12-29 06:18:06.354
143,63880d20df3731ec1fd2fd1e,88044119075659,0,True,184020949139010,B098R5HTVB,88655178633111,2022-12-01 01:56:26.245,False,3932195223562143,us,FIT-HEAL-WB-LXL-R-01,fit-heal-wb-lxl-r-01,enabled,2022-12-29 06:18:06.502
144,63880d55df3731ec1fd36ba2,125622921610303,0,True,21410468571426,B098R5KZYX,88655178633111,2022-12-01 01:56:26.245,False,3932195223562143,us,FIT-HEAL-WB-SM-L-01,fit-heal-wb-sm-l-01,enabled,2022-12-29 06:18:55.044
145,63880d55df3731ec1fd36bd9,170843100195018,0,True,21410468571426,B098R4WY6N,88655178633111,2022-12-01 01:56:26.245,False,3932195223562143,us,FIT-HEAL-WB-SM-R-01,fit-heal-wb-sm-r-01,enabled,2022-12-29 06:18:55.191
146,63880d55df3731ec1fd36c09,40084667253653,0,True,21410468571426,B098R478GX,88655178633111,2022-12-01 01:56:26.245,False,3932195223562143,us,FIT-HEAL-WB-LXL-L-01,fit-heal-wb-lxl-l-01,enabled,2022-12-29 06:18:55.350
147,63880d55df3731ec1fd36c38,121373883978526,0,True,21410468571426,B098R5HTVB,88655178633111,2022-12-01 01:56:26.245,False,3932195223562143,us,FIT-HEAL-WB-LXL-R-01,fit-heal-wb-lxl-r-01,enabled,2022-12-29 06:18:55.499
148,63880d88df3731ec1fd3d649,71377699951730,0,True,98796181613212,B098R5KZYX,88655178633111,2022-12-01 01:56:26.245,False,3932195223562143,us,FIT-HEAL-WB-SM-L-01,fit-heal-wb-sm-l-01,enabled,2022-12-29 06:19:42.835
149,63880d89df3731ec1fd3d675,223959619143104,0,True,98796181613212,B098R4WY6N,88655178633111,2022-12-01 01:56:26.245,False,3932195223562143,us,FIT-HEAL-WB-SM-R-01,fit-heal-wb-sm-r-01,enabled,2022-12-29 06:19:42.983
150,63880d89df3731ec1fd3d6b2,120091822421775,0,True,98796181613212,B098R478GX,88655178633111,2022-12-01 01:56:26.245,False,3932195223562143,us,FIT-HEAL-WB-LXL-L-01,fit-heal-wb-lxl-l-01,enabled,2022-12-29 06:19:43.132
151,63880d89df3731ec1fd3d753,36933237129394,0,True,98796181613212,B098R5HTVB,88655178633111,2022-12-01 01:56:26.245,False,3932195223562143,us,FIT-HEAL-WB-LXL-R-01,fit-heal-wb-lxl-r-01,enabled,2022-12-29 06:19:43.281
152,63880db0df3731ec1fd41dd3,136569746566124,0,True,209913959443745,B098R5KZYX,88655178633111,2022-12-01 01:56:26.245,False,3932195223562143,us,FIT-HEAL-WB-SM-L-01,fit-heal-wb-sm-l-01,enabled,2022-12-29 06:20:19.496
153,63880db0df3731ec1fd41e2e,187736780763879,0,True,209913959443745,B098R4WY6N,88655178633111,2022-12-01 01:56:26.245,False,3932195223562143,us,FIT-HEAL-WB-SM-R-01,fit-heal-wb-sm-r-01,enabled,2022-12-29 06:20:19.643
154,63880db0df3731ec1fd41e8e,241015787601237,0,True,209913959443745,B098R478GX,88655178633111,2022-12-01 01:56:26.245,False,3932195223562143,us,FIT-HEAL-WB-LXL-L-01,fit-heal-wb-lxl-l-01,enabled,2022-12-29 06:20:19.791
155,63880db0df3731ec1fd41edd,204473075770977,0,True,209913959443745,B098R5HTVB,88655178633111,2022-12-01 01:56:26.245,False,3932195223562143,us,FIT-HEAL-WB-LXL-R-01,fit-heal-wb-lxl-r-01,enabled,2022-12-29 06:20:19.938
156,63880db5df3731ec1fd42d28,107807529246676,0,True,247378345988776,B098R4WY6N,200685622549692,2022-12-01 01:56:26.245,False,3932195223562143,us,FIT-HEAL-WB-SM-R-01,fit-heal-wb-sm-r-01,enabled,2022-12-29 06:20:24.665
157,63880db6df3731ec1fd42d72,176304082993559,0,True,247378345988776,B098R478GX,200685622549692,2022-12-01 01:56:26.245,False,3932195223562143,us,FIT-HEAL-WB-LXL-L-01,fit-heal-wb-lxl-l-01,enabled,2022-12-29 06:20:24.815
158,63880db6df3731ec1fd42e1a,83555318957462,0,True,247378345988776,B098R5HTVB,200685622549692,2022-12-01 01:56:26.245,False,3932195223562143,us,FIT-HEAL-WB-LXL-R-01,fit-heal-wb-lxl-r-01,enabled,2022-12-29 06:20:24.962
159,63880db6df3731ec1fd42e6a,114067993898126,0,True,247378345988776,B098R5KZYX,200685622549692,2022-12-01 01:56:26.245,False,3932195223562143,us,FIT-HEAL-WB-SM-L-01,fit-heal-wb-sm-l-01,enabled,2022-12-29 06:20:25.109
160,63880db9df3731ec1fd4338f,255770313523540,0,True,204101254370736,B092MM8SYV,138467969889311,2022-12-01 01:56:26.245,False,3932195223562143,us,FIT-HEAL-HFG-L-01,fit-heal-hfg-l-01,enabled,2022-12-29 06:20:27.725
161,63880db9df3731ec1fd433cd,122513370097152,0,True,204101254370736,B092MP8D8J,138467969889311,2022-12-01 01:56:26.245,False,3932195223562143,us,FIT-HEAL-HFG-XL-01,fit-heal-hfg-xl-01,enabled,2022-12-29 06:20:27.873
162,63880db9df3731ec1fd43416,135590044396382,0,True,204101254370736,B092MQQW3W,138467969889311,2022-12-01 01:56:26.245,False,3932195223562143,us,FIT-HEAL-HFG-M-01,fit-heal-hfg-m-01,enabled,2022-12-29 06:20:28.021
163,63880db9df3731ec1fd43445,108286864899864,0,True,204101254370736,B092MQTBDF,138467969889311,2022-12-01 01:56:26.245,False,3932195223562143,us,FIT-HEAL-HFG-S-01,fit-heal-hfg-s-01,enabled,2022-12-29 06:20:28.169
164,63880e02df3731ec1fd4b950,183925156886344,0,True,24730201331739,B098R4WY6N,177256716723814,2022-12-01 01:56:26.245,False,3932195223562143,us,FIT-HEAL-WB-SM-R-01,fit-heal-wb-sm-r-01,enabled,2022-12-29 06:21:34.466
165,63880e02df3731ec1fd4b98c,181084629095141,0,True,24730201331739,B098R478GX,177256716723814,2022-12-01 01:56:26.245,False,3932195223562143,us,FIT-HEAL-WB-LXL-L-01,fit-heal-wb-lxl-l-01,enabled,2022-12-29 06:21:34.613
166,63880e02df3731ec1fd4b9bb,17569102185322,0,True,24730201331739,B098R5HTVB,177256716723814,2022-12-01 01:56:26.245,False,3932195223562143,us,FIT-HEAL-WB-LXL-R-01,fit-heal-wb-lxl-r-01,enabled,2022-12-29 06:21:34.761
167,63880e02df3731ec1fd4b9f5,37746709986129,0,True,24730201331739,B098R5KZYX,177256716723814,2022-12-01 01:56:26.245,False,3932195223562143,us,FIT-HEAL-WB-SM-L-01,fit-heal-wb-sm-l-01,enabled,2022-12-29 06:21:34.908
168,63880e0bdf3731ec1fd4c970,208314873554562,0,True,276807887697231,B098R5KZYX,62097437794176,2022-12-01 01:56:26.245,False,3932195223562143,us,FIT-HEAL-WB-SM-L-01,fit-heal-wb-sm-l-01,enabled,2022-12-29 06:21:43.469
169,63880e0cdf3731ec1fd4cb25,16168038292926,0,True,193661498298925,B098R4WY6N,62097437794176,2022-12-01 01:56:26.245,False,3932195223562143,us,FIT-HEAL-WB-SM-R-01,fit-heal-wb-sm-r-01,enabled,2022-12-29 06:21:44.709
170,63880e0edf3731ec1fd4cd14,128851161006604,0,True,100367841400058,B098R5HTVB,62097437794176,2022-12-01 01:56:26.245,False,3932195223562143,us,FIT-HEAL-WB-LXL-R-01,fit-heal-wb-lxl-r-01,enabled,2022-12-29 06:21:46.186
171,63880e0fdf3731ec1fd4cf64,131317239213522,0,True,223753081662946,B098R478GX,62097437794176,2022-12-01 01:56:26.245,False,3932195223562143,us,FIT-HEAL-WB-LXL-L-01,fit-heal-wb-lxl-l-01,enabled,2022-12-29 06:21:47.464
172,63880e11df3731ec1fd4d1f3,251154641828046,0,True,59338891754324,B098R4WY6N,62097437794176,2022-12-01 01:56:26.245,False,3932195223562143,us,FIT-HEAL-WB-SM-R-01,fit-heal-wb-sm-r-01,enabled,2022-12-29 06:21:48.965
173,63880e11df3731ec1fd4d21f,50506026139238,0,True,59338891754324,B098R478GX,62097437794176,2022-12-01 01:56:26.245,False,3932195223562143,us,FIT-HEAL-WB-LXL-L-01,fit-heal-wb-lxl-l-01,enabled,2022-12-29 06:21:49.113
174,63880e11df3731ec1fd4d268,205647068103264,0,True,59338891754324,B098R5HTVB,62097437794176,2022-12-01 01:56:26.245,False,3932195223562143,us,FIT-HEAL-WB-LXL-R-01,fit-heal-wb-lxl-r-01,enabled,2022-12-29 06:21:49.261
175,63880e11df3731ec1fd4d29e,172979386999488,0,True,59338891754324,B098R5KZYX,62097437794176,2022-12-01 01:56:26.245,False,3932195223562143,us,FIT-HEAL-WB-SM-L-01,fit-heal-wb-sm-l-01,enabled,2022-12-29 06:21:49.412
176,63880e13df3731ec1fd4d579,237835694081085,0,True,159676445111956,B092MQTBDF,189000151262825,2022-12-01 01:56:26.245,False,3932195223562143,us,FIT-HEAL-HFG-S-01,fit-heal-hfg-s-01,paused,2022-12-29 06:21:51.786
177,63880e13df3731ec1fd4d5b2,225617479909201,0,True,159676445111956,B098R478GX,189000151262825,2022-12-01 01:56:26.245,False,3932195223562143,us,FIT-HEAL-WB-LXL-L-01,fit-heal-wb-lxl-l-01,enabled,2022-12-29 06:21:51.933
178,63880e15df3731ec1fd4d760,79835068992898,0,True,42175023060976,B092MM8SYV,189000151262825,2022-12-01 01:56:26.245,False,3932195223562143,us,FIT-HEAL-HFG-L-01,fit-heal-hfg-l-01,paused,2022-12-29 06:21:53.172
179,63880e15df3731ec1fd4d79e,7481357431103,0,True,42175023060976,B098R5HTVB,189000151262825,2022-12-01 01:56:26.245,False,3932195223562143,us,FIT-HEAL-WB-LXL-R-01,fit-heal-wb-lxl-r-01,enabled,2022-12-29 06:21:53.320
180,63880e16df3731ec1fd4d9a5,259300308015704,0,True,279123609836268,B092MP8D8J,189000151262825,2022-12-01 01:56:26.245,False,3932195223562143,us,FIT-HEAL-HFG-XL-01,fit-heal-hfg-xl-01,paused,2022-12-29 06:21:54.669
181,63880e17df3731ec1fd4da01,75663278071565,0,True,279123609836268,B098R478GX,189000151262825,2022-12-01 01:56:26.245,False,3932195223562143,us,FIT-HEAL-WB-LXL-L-01,fit-heal-wb-lxl-l-01,enabled,2022-12-29 06:21:54.817
182,63880e18df3731ec1fd4dc11,35214042819123,0,True,154263282492606,B092MM8SYV,189000151262825,2022-12-01 01:56:26.245,False,3932195223562143,us,FIT-HEAL-HFG-L-01,fit-heal-hfg-l-01,paused,2022-12-29 06:21:56.062
183,63880e18df3731ec1fd4dc3a,122922664147614,0,True,154263282492606,B098R4WY6N,189000151262825,2022-12-01 01:56:26.245,False,3932195223562143,us,FIT-HEAL-WB-SM-R-01,fit-heal-wb-sm-r-01,enabled,2022-12-29 06:21:56.209
184,63880e19df3731ec1fd4de9b,250099167183242,0,True,53090329236548,B092MM8SYV,189000151262825,2022-12-01 01:56:26.245,False,3932195223562143,us,FIT-HEAL-HFG-L-01,fit-heal-hfg-l-01,enabled,2022-12-29 06:21:57.458
185,63880e1adf3731ec1fd4ded5,209746362512036,0,True,53090329236548,B092MP8D8J,189000151262825,2022-12-01 01:56:26.245,False,3932195223562143,us,FIT-HEAL-HFG-XL-01,fit-heal-hfg-xl-01,enabled,2022-12-29 06:21:57.605
186,63880e1adf3731ec1fd4df4e,182842168735694,0,True,53090329236548,B092MQQW3W,189000151262825,2022-12-01 01:56:26.245,False,3932195223562143,us,FIT-HEAL-HFG-M-01,fit-heal-hfg-m-01,enabled,2022-12-29 06:21:57.752
187,63880e1adf3731ec1fd4dfad,178368620257901,0,True,53090329236548,B092MQTBDF,189000151262825,2022-12-01 01:56:26.245,False,3932195223562143,us,FIT-HEAL-HFG-S-01,fit-heal-hfg-s-01,enabled,2022-12-29 06:21:57.900
188,63880e1bdf3731ec1fd4e1c2,37478794751077,0,True,12016281856198,B092MM8SYV,189000151262825,2022-12-01 01:56:26.245,False,3932195223562143,us,FIT-HEAL-HFG-L-01,fit-heal-hfg-l-01,enabled,2022-12-29 06:21:59.294
189,63880e1bdf3731ec1fd4e206,259448939604793,0,True,12016281856198,B092MQTBDF,189000151262825,2022-12-01 01:56:26.245,False,3932195223562143,us,FIT-HEAL-HFG-S-01,fit-heal-hfg-s-01,enabled,2022-12-29 06:21:59.441
190,63880e1bdf3731ec1fd4e246,21529112794786,0,True,12016281856198,B092MP8D8J,189000151262825,2022-12-01 01:56:26.245,False,3932195223562143,us,FIT-HEAL-HFG-XL-01,fit-heal-hfg-xl-01,enabled,2022-12-29 06:21:59.592
191,63880e1cdf3731ec1fd4e294,11668423471921,0,True,12016281856198,B092MQQW3W,189000151262825,2022-12-01 01:56:26.245,False,3932195223562143,us,FIT-HEAL-HFG-M-01,fit-heal-hfg-m-01,enabled,2022-12-29 06:21:59.740
192,63880e1edf3731ec1fd4e5fd,125188006790677,0,True,34330512344524,B098R4WY6N,4170857137442,2022-12-01 01:56:26.245,False,3932195223562143,us,FIT-HEAL-WB-SM-R-01,fit-heal-wb-sm-r-01,enabled,2022-12-29 06:22:03.550
193,63880e1edf3731ec1fd4e668,208235045745494,0,True,34330512344524,B098R478GX,4170857137442,2022-12-01 01:56:26.245,False,3932195223562143,us,FIT-HEAL-WB-LXL-L-01,fit-heal-wb-lxl-l-01,enabled,2022-12-29 06:22:03.698
194,63880e1edf3731ec1fd4e68e,223152390952856,0,True,34330512344524,B098R5HTVB,4170857137442,2022-12-01 01:56:26.245,False,3932195223562143,us,FIT-HEAL-WB-LXL-R-01,fit-heal-wb-lxl-r-01,enabled,2022-12-29 06:22:03.846
195,63880e1edf3731ec1fd4e720,261938316053335,0,True,34330512344524,B098R5KZYX,4170857137442,2022-12-01 01:56:26.245,False,3932195223562143,us,FIT-HEAL-WB-SM-L-01,fit-heal-wb-sm-l-01,enabled,2022-12-29 06:22:03.992
196,63880e1fdf3731ec1fd4e76d,81644615564849,0,True,34330512344524,B092MM8SYV,4170857137442,2022-12-01 01:56:26.245,False,3932195223562143,us,FIT-HEAL-HFG-L-01,fit-heal-hfg-l-01,enabled,2022-12-29 06:22:04.139
197,63880e1fdf3731ec1fd4e7a4,237840565520451,0,True,34330512344524,B092MP8D8J,4170857137442,2022-12-01 01:56:26.245,False,3932195223562143,us,FIT-HEAL-HFG-XL-01,fit-heal-hfg-xl-01,enabled,2022-12-29 06:22:04.286
198,63880e1fdf3731ec1fd4e838,159378008129599,0,True,34330512344524,B092MQQW3W,4170857137442,2022-12-01 01:56:26.245,False,3932195223562143,us,FIT-HEAL-HFG-M-01,fit-heal-hfg-m-01,enabled,2022-12-29 06:22:04.433
199,63880e1fdf3731ec1fd4e874,173691944432211,0,True,34330512344524,B092MQTBDF,4170857137442,2022-12-01 01:56:26.245,False,3932195223562143,us,FIT-HEAL-HFG-S-01,fit-heal-hfg-s-01,enabled,2022-12-29 06:22:04.581
200,63880e21df3731ec1fd4ea5c,152124682037424,0,True,100884806767586,B092MM8SYV,4170857137442,2022-12-01 01:56:26.245,False,3932195223562143,us,FIT-HEAL-HFG-L-01,fit-heal-hfg-l-01,archived,2022-12-29 06:22:05.829
201,63880e21df3731ec1fd4ea8c,83101480265307,0,True,100884806767586,B092MQTBDF,4170857137442,2022-12-01 01:56:26.245,False,3932195223562143,us,FIT-HEAL-HFG-S-01,fit-heal-hfg-s-01,archived,2022-12-29 06:22:05.977
202,63880e21df3731ec1fd4eba2,236859451926899,0,True,100884806767586,B098R5KZYX,4170857137442,2022-12-01 01:56:26.245,False,3932195223562143,us,FIT-HEAL-WB-SM-L-01,fit-heal-wb-sm-l-01,archived,2022-12-29 06:22:06.124
203,63880e21df3731ec1fd4ebe1,155677958062211,0,True,100884806767586,B098R4WY6N,4170857137442,2022-12-01 01:56:26.245,False,3932195223562143,us,FIT-HEAL-WB-SM-R-01,fit-heal-wb-sm-r-01,archived,2022-12-29 06:22:06.272
204,63880e21df3731ec1fd4ec28,111065983021340,0,True,100884806767586,B098R478GX,4170857137442,2022-12-01 01:56:26.245,False,3932195223562143,us,FIT-HEAL-WB-LXL-L-01,fit-heal-wb-lxl-l-01,archived,2022-12-29 06:22:06.419
205,63880e21df3731ec1fd4ec5e,59819661611995,0,True,100884806767586,B098R5HTVB,4170857137442,2022-12-01 01:56:26.245,False,3932195223562143,us,FIT-HEAL-WB-LXL-R-01,fit-heal-wb-lxl-r-01,archived,2022-12-29 06:22:06.566
206,63880e22df3731ec1fd4ec8e,133196898625692,0,True,100884806767586,B092MP8D8J,4170857137442,2022-12-01 01:56:26.245,False,3932195223562143,us,FIT-HEAL-HFG-XL-01,fit-heal-hfg-xl-01,archived,2022-12-29 06:22:06.713
207,63880e22df3731ec1fd4eccd,34067440919156,0,True,100884806767586,B092MQQW3W,4170857137442,2022-12-01 01:56:26.245,False,3932195223562143,us,FIT-HEAL-HFG-M-01,fit-heal-hfg-m-01,archived,2022-12-29 06:22:06.863
208,63880e24df3731ec1fd4f3a7,272331350185652,0,True,129488449002190,B092MM8SYV,207872261152096,2022-12-01 01:56:26.245,False,3932195223562143,us,FIT-HEAL-HFG-L-01,fit-heal-hfg-l-01,enabled,2022-12-29 06:22:09.392
209,63880e24df3731ec1fd4f464,33516897896520,0,True,129488449002190,B092MQTBDF,207872261152096,2022-12-01 01:56:26.245,False,3932195223562143,us,FIT-HEAL-HFG-S-01,fit-heal-hfg-s-01,enabled,2022-12-29 06:22:09.540
210,63880e25df3731ec1fd4f4b5,209644075221734,0,True,129488449002190,B092MP8D8J,207872261152096,2022-12-01 01:56:26.245,False,3932195223562143,us,FIT-HEAL-HFG-XL-01,fit-heal-hfg-xl-01,enabled,2022-12-29 06:22:09.687
211,63880e25df3731ec1fd4f533,192666419855719,0,True,129488449002190,B092MQQW3W,207872261152096,2022-12-01 01:56:26.245,False,3932195223562143,us,FIT-HEAL-HFG-M-01,fit-heal-hfg-m-01,enabled,2022-12-29 06:22:09.834
212,63880e3cdf3731ec1fd52e60,81648038214109,0,True,29133953995410,B092MM8SYV,11562017053024,2022-12-01 01:56:26.245,False,3932195223562143,us,FIT-HEAL-HFG-L-01,fit-heal-hfg-l-01,enabled,2022-12-29 06:22:30.609
213,63880e3cdf3731ec1fd52e90,26210379152459,0,True,29133953995410,B092MQTBDF,11562017053024,2022-12-01 01:56:26.245,False,3932195223562143,us,FIT-HEAL-HFG-S-01,fit-heal-hfg-s-01,enabled,2022-12-29 06:22:30.756
214,63880e3cdf3731ec1fd52ed3,281006830841385,0,True,29133953995410,B092MP8D8J,11562017053024,2022-12-01 01:56:26.245,False,3932195223562143,us,FIT-HEAL-HFG-XL-01,fit-heal-hfg-xl-01,enabled,2022-12-29 06:22:30.903
215,63880e3cdf3731ec1fd52f61,75740896287151,0,True,29133953995410,B092MQQW3W,11562017053024,2022-12-01 01:56:26.245,False,3932195223562143,us,FIT-HEAL-HFG-M-01,fit-heal-hfg-m-01,enabled,2022-12-29 06:22:31.051
216,63880f28df3731ec1fd7023b,102515936761740,0,True,110086809140376,B098R5KZYX,11562017053024,2022-12-01 01:56:26.245,False,3932195223562143,us,FIT-HEAL-WB-SM-L-01,fit-heal-wb-sm-l-01,enabled,2022-12-29 06:26:06.837
217,63880f28df3731ec1fd70282,141483210143988,0,True,110086809140376,B098R4WY6N,11562017053024,2022-12-01 01:56:26.245,False,3932195223562143,us,FIT-HEAL-WB-SM-R-01,fit-heal-wb-sm-r-01,enabled,2022-12-29 06:26:06.986
218,63880f29df3731ec1fd7031d,220724720552235,0,True,110086809140376,B098R478GX,11562017053024,2022-12-01 01:56:26.245,False,3932195223562143,us,FIT-HEAL-WB-LXL-L-01,fit-heal-wb-lxl-l-01,enabled,2022-12-29 06:26:07.135
219,63880f29df3731ec1fd7034c,141394812722221,0,True,110086809140376,B098R5HTVB,11562017053024,2022-12-01 01:56:26.245,False,3932195223562143,us,FIT-HEAL-WB-LXL-R-01,fit-heal-wb-lxl-r-01,enabled,2022-12-29 06:26:07.282
220,63880febdf3731ec1fd876b2,249782862654177,0,True,129198715469243,B092MM8SYV,11562017053024,2022-12-01 01:56:26.245,False,3932195223562143,us,FIT-HEAL-HFG-L-01,fit-heal-hfg-l-01,enabled,2022-12-29 06:29:04.369
221,63880febdf3731ec1fd876d4,258983593012144,0,True,129198715469243,B092MQTBDF,11562017053024,2022-12-01 01:56:26.245,False,3932195223562143,us,FIT-HEAL-HFG-S-01,fit-heal-hfg-s-01,enabled,2022-12-29 06:29:04.516
222,63880febdf3731ec1fd87703,130322256986153,0,True,129198715469243,B092MP8D8J,11562017053024,2022-12-01 01:56:26.245,False,3932195223562143,us,FIT-HEAL-HFG-XL-01,fit-heal-hfg-xl-01,enabled,2022-12-29 06:29:04.667
223,63880febdf3731ec1fd87722,140721585221974,0,True,129198715469243,B092MQQW3W,11562017053024,2022-12-01 01:56:26.245,False,3932195223562143,us,FIT-HEAL-HFG-M-01,fit-heal-hfg-m-01,enabled,2022-12-29 06:29:04.815
224,63880fecdf3731ec1fd878fe,154230762864077,0,True,111579618396364,B098R5KZYX,11562017053024,2022-12-01 01:56:26.245,False,3932195223562143,us,FIT-HEAL-WB-SM-L-01,fit-heal-wb-sm-l-01,enabled,2022-12-29 06:29:06.096
225,63880feddf3731ec1fd8793c,236846713650385,0,True,111579618396364,B098R4WY6N,11562017053024,2022-12-01 01:56:26.245,False,3932195223562143,us,FIT-HEAL-WB-SM-R-01,fit-heal-wb-sm-r-01,enabled,2022-12-29 06:29:06.243
226,63880feddf3731ec1fd87967,189387069890862,0,True,111579618396364,B098R478GX,11562017053024,2022-12-01 01:56:26.245,False,3932195223562143,us,FIT-HEAL-WB-LXL-L-01,fit-heal-wb-lxl-l-01,enabled,2022-12-29 06:29:06.391
227,63880feddf3731ec1fd879bd,242915589576520,0,True,111579618396364,B098R5HTVB,11562017053024,2022-12-01 01:56:26.245,False,3932195223562143,us,FIT-HEAL-WB-LXL-R-01,fit-heal-wb-lxl-r-01,enabled,2022-12-29 06:29:06.540
228,63880fefdf3731ec1fd87de4,126002639431428,0,True,95092531623905,B092MM8SYV,129609935463643,2022-12-01 01:56:26.245,False,3932195223562143,us,FIT-HEAL-HFG-L-01,fit-heal-hfg-l-01,enabled,2022-12-29 06:29:08.832
229,63880fefdf3731ec1fd87e13,213204854702619,0,True,95092531623905,B092MQTBDF,129609935463643,2022-12-01 01:56:26.245,False,3932195223562143,us,FIT-HEAL-HFG-S-01,fit-heal-hfg-s-01,enabled,2022-12-29 06:29:08.979
230,63880ff0df3731ec1fd87e4e,104390013625064,0,True,95092531623905,B092MP8D8J,129609935463643,2022-12-01 01:56:26.245,False,3932195223562143,us,FIT-HEAL-HFG-XL-01,fit-heal-hfg-xl-01,enabled,2022-12-29 06:29:09.126
231,63880ff0df3731ec1fd87e8f,24224236989116,0,True,95092531623905,B092MQQW3W,129609935463643,2022-12-01 01:56:26.245,False,3932195223562143,us,FIT-HEAL-HFG-M-01,fit-heal-hfg-m-01,enabled,2022-12-29 06:29:09.273
232,63880ff2df3731ec1fd882b8,168183541388293,0,True,116068933213320,B092MM8SYV,220782691721278,2022-12-01 01:56:26.245,False,3932195223562143,us,FIT-HEAL-HFG-L-01,fit-heal-hfg-l-01,enabled,2022-12-29 06:29:11.620
233,63880ff2df3731ec1fd882fe,56120451873556,0,True,116068933213320,B092MQTBDF,220782691721278,2022-12-01 01:56:26.245,False,3932195223562143,us,FIT-HEAL-HFG-S-01,fit-heal-hfg-s-01,enabled,2022-12-29 06:29:11.767
234,63880ff2df3731ec1fd88345,256569613032128,0,True,116068933213320,B092MP8D8J,220782691721278,2022-12-01 01:56:26.245,False,3932195223562143,us,FIT-HEAL-HFG-XL-01,fit-heal-hfg-xl-01,enabled,2022-12-29 06:29:11.918
235,63880ff2df3731ec1fd8838e,69440276603753,0,True,116068933213320,B092MQQW3W,220782691721278,2022-12-01 01:56:26.245,False,3932195223562143,us,FIT-HEAL-HFG-M-01,fit-heal-hfg-m-01,enabled,2022-12-29 06:29:12.068
236,63880ffedf3731ec1fd897cf,247038614946763,0,True,188874295244966,B092MM8SYV,250401091482088,2022-12-01 01:56:26.245,False,3932195223562143,us,FIT-HEAL-HFG-L-01,fit-heal-hfg-l-01,enabled,2022-12-29 06:29:23.563
237,63880fffdf3731ec1fd897ff,237347909655295,0,True,188874295244966,B092MQTBDF,250401091482088,2022-12-01 01:56:26.245,False,3932195223562143,us,FIT-HEAL-HFG-S-01,fit-heal-hfg-s-01,enabled,2022-12-29 06:29:23.711
238,63880fffdf3731ec1fd89833,269297639837799,0,True,188874295244966,B092MP8D8J,250401091482088,2022-12-01 01:56:26.245,False,3932195223562143,us,FIT-HEAL-HFG-XL-01,fit-heal-hfg-xl-01,enabled,2022-12-29 06:29:23.858
239,63880fffdf3731ec1fd8986a,208209354679677,0,True,188874295244966,B092MQQW3W,250401091482088,2022-12-01 01:56:26.245,False,3932195223562143,us,FIT-HEAL-HFG-M-01,fit-heal-hfg-m-01,enabled,2022-12-29 06:29:24.006
240,63881001df3731ec1fd89c86,78638642768805,0,True,67912388101528,B092MM8SYV,96771536771529,2022-12-01 01:56:26.245,False,3932195223562143,us,FIT-HEAL-HFG-L-01,fit-heal-hfg-l-01,enabled,2022-12-29 06:29:26.453
241,63881002df3731ec1fd89cc9,238714293579021,0,True,67912388101528,B092MQTBDF,96771536771529,2022-12-01 01:56:26.245,False,3932195223562143,us,FIT-HEAL-HFG-S-01,fit-heal-hfg-s-01,enabled,2022-12-29 06:29:26.601
242,63881002df3731ec1fd89d1f,232096949030048,0,True,67912388101528,B092MP8D8J,96771536771529,2022-12-01 01:56:26.245,False,3932195223562143,us,FIT-HEAL-HFG-XL-01,fit-heal-hfg-xl-01,enabled,2022-12-29 06:29:26.749
243,63881002df3731ec1fd89d57,86979823531921,0,True,67912388101528,B092MQQW3W,96771536771529,2022-12-01 01:56:26.245,False,3932195223562143,us,FIT-HEAL-HFG-M-01,fit-heal-hfg-m-01,enabled,2022-12-29 06:29:26.896
244,63881012df3731ec1fd8c343,224429002144421,0,True,186714011940738,B092MM8SYV,193502141195270,2022-12-01 01:56:26.245,False,3932195223562143,us,FIT-HEAL-HFG-L-01,fit-heal-hfg-l-01,enabled,2022-12-29 06:29:41.955
245,63881012df3731ec1fd8c379,51640244517732,0,True,186714011940738,B092MQTBDF,193502141195270,2022-12-01 01:56:26.245,False,3932195223562143,us,FIT-HEAL-HFG-S-01,fit-heal-hfg-s-01,enabled,2022-12-29 06:29:42.103
246,63881012df3731ec1fd8c3b6,243372527160253,0,True,186714011940738,B092MP8D8J,193502141195270,2022-12-01 01:56:26.245,False,3932195223562143,us,FIT-HEAL-HFG-XL-01,fit-heal-hfg-xl-01,enabled,2022-12-29 06:29:42.250
247,63881012df3731ec1fd8c45f,209550276554168,0,True,186714011940738,B092MQQW3W,193502141195270,2022-12-01 01:56:26.245,False,3932195223562143,us,FIT-HEAL-HFG-M-01,fit-heal-hfg-m-01,enabled,2022-12-29 06:29:42.397
248,6388101bdf3731ec1fd8d307,98921455529272,0,True,191635452519815,B092MQQW3W,72730925523210,2022-12-01 01:56:26.245,False,3932195223562143,us,FIT-HEAL-HFG-M-01,fit-heal-hfg-m-01,enabled,2022-12-29 06:29:50.205
249,6388101bdf3731ec1fd8d345,24268380285224,0,True,191635452519815,B092MM8SYV,72730925523210,2022-12-01 01:56:26.245,False,3932195223562143,us,FIT-HEAL-HFG-L-01,fit-heal-hfg-l-01,enabled,2022-12-29 06:29:50.352
250,6388101bdf3731ec1fd8d390,169899494426942,0,True,191635452519815,B092MQTBDF,72730925523210,2022-12-01 01:56:26.245,False,3932195223562143,us,FIT-HEAL-HFG-S-01,fit-heal-hfg-s-01,enabled,2022-12-29 06:29:50.499
251,6388101bdf3731ec1fd8d3cd,232128291414332,0,True,191635452519815,B092MP8D8J,72730925523210,2022-12-01 01:56:26.245,False,3932195223562143,us,FIT-HEAL-HFG-XL-01,fit-heal-hfg-xl-01,enabled,2022-12-29 06:29:50.647
252,6388106edf3731ec1fd97114,186286096117044,0,True,83203090092284,B092MQQW3W,26927836851662,2022-12-01 01:56:26.245,False,3932195223562143,us,FIT-HEAL-HFG-M-01,fit-heal-hfg-m-01,enabled,2022-12-29 06:31:06.635
253,6388106edf3731ec1fd97146,205688931744037,0,True,83203090092284,B092MM8SYV,26927836851662,2022-12-01 01:56:26.245,False,3932195223562143,us,FIT-HEAL-HFG-L-01,fit-heal-hfg-l-01,enabled,2022-12-29 06:31:06.782
254,6388106edf3731ec1fd9716a,213903392506713,0,True,83203090092284,B092MQTBDF,26927836851662,2022-12-01 01:56:26.245,False,3932195223562143,us,FIT-HEAL-HFG-S-01,fit-heal-hfg-s-01,enabled,2022-12-29 06:31:06.930
255,6388106edf3731ec1fd9719e,52073659958793,0,True,83203090092284,B092MP8D8J,26927836851662,2022-12-01 01:56:26.245,False,3932195223562143,us,FIT-HEAL-HFG-XL-01,fit-heal-hfg-xl-01,enabled,2022-12-29 06:31:07.079
256,638810a2df3731ec1fd9d653,13549605789957,0,True,100297208341570,B098R478GX,195569009880139,2022-12-01 01:56:26.245,False,3932195223562143,us,FIT-HEAL-WB-LXL-L-01,fit-heal-wb-lxl-l-01,enabled,2022-12-29 06:31:55.183
257,638810a2df3731ec1fd9d689,169019669032704,0,True,100297208341570,B098R5HTVB,195569009880139,2022-12-01 01:56:26.245,False,3932195223562143,us,FIT-HEAL-WB-LXL-R-01,fit-heal-wb-lxl-r-01,enabled,2022-12-29 06:31:55.330
258,638810a2df3731ec1fd9d6b6,73965784799412,0,True,100297208341570,B098R4WY6N,195569009880139,2022-12-01 01:56:26.245,False,3932195223562143,us,FIT-HEAL-WB-SM-R-01,fit-heal-wb-sm-r-01,enabled,2022-12-29 06:31:55.478
259,638810a2df3731ec1fd9d70e,255206301613363,0,True,100297208341570,B098R5KZYX,195569009880139,2022-12-01 01:56:26.245,False,3932195223562143,us,FIT-HEAL-WB-SM-L-01,fit-heal-wb-sm-l-01,enabled,2022-12-29 06:31:55.626
260,638810b9df3731ec1fda022b,246253537379947,0,True,84490662462562,B098R478GX,23371889521962,2022-12-01 01:56:26.245,False,3932195223562143,us,FIT-HEAL-WB-LXL-L-01,fit-heal-wb-lxl-l-01,enabled,2022-12-29 06:32:16.389
261,638810b9df3731ec1fda02ad,264794634145609,0,True,84490662462562,B098R5HTVB,23371889521962,2022-12-01 01:56:26.245,False,3932195223562143,us,FIT-HEAL-WB-LXL-R-01,fit-heal-wb-lxl-r-01,enabled,2022-12-29 06:32:16.536
262,638810b9df3731ec1fda033f,22076548676833,0,True,84490662462562,B098R4WY6N,23371889521962,2022-12-01 01:56:26.245,False,3932195223562143,us,FIT-HEAL-WB-SM-R-01,fit-heal-wb-sm-r-01,enabled,2022-12-29 06:32:16.683
263,638810b9df3731ec1fda0386,72211006976023,0,True,84490662462562,B098R5KZYX,23371889521962,2022-12-01 01:56:26.245,False,3932195223562143,us,FIT-HEAL-WB-SM-L-01,fit-heal-wb-sm-l-01,enabled,2022-12-29 06:32:16.831
264,63881101df3731ec1fda980a,107942531830458,0,True,143836178409565,B098R478GX,183144782080701,2022-12-01 01:56:26.245,False,3932195223562143,us,FIT-HEAL-WB-LXL-L-01,fit-heal-wb-lxl-l-01,enabled,2022-12-29 06:33:22.198
265,63881102df3731ec1fda983e,179837500544578,0,True,143836178409565,B098R5HTVB,183144782080701,2022-12-01 01:56:26.245,False,3932195223562143,us,FIT-HEAL-WB-LXL-R-01,fit-heal-wb-lxl-r-01,enabled,2022-12-29 06:33:22.341
266,63881102df3731ec1fda9890,34096761793864,0,True,143836178409565,B098R4WY6N,183144782080701,2022-12-01 01:56:26.245,False,3932195223562143,us,FIT-HEAL-WB-SM-R-01,fit-heal-wb-sm-r-01,enabled,2022-12-29 06:33:22.485
267,63881102df3731ec1fda98d5,136926552113938,0,True,143836178409565,B098R5KZYX,183144782080701,2022-12-01 01:56:26.245,False,3932195223562143,us,FIT-HEAL-WB-SM-L-01,fit-heal-wb-sm-l-01,enabled,2022-12-29 06:33:22.630
268,63881160df3731ec1fdb468b,54892868141124,0,True,176063441912909,B092MM8SYV,206434087699040,2022-12-01 01:56:26.245,False,3932195223562143,us,FIT-HEAL-HFG-L-01,fit-heal-hfg-l-01,enabled,2022-12-29 06:34:46.811
269,63881160df3731ec1fdb46b3,35388894105865,0,True,176063441912909,B092MQTBDF,206434087699040,2022-12-01 01:56:26.245,False,3932195223562143,us,FIT-HEAL-HFG-S-01,fit-heal-hfg-s-01,enabled,2022-12-29 06:34:46.956
270,63881160df3731ec1fdb46de,279418243832722,0,True,176063441912909,B092MP8D8J,206434087699040,2022-12-01 01:56:26.245,False,3932195223562143,us,FIT-HEAL-HFG-XL-01,fit-heal-hfg-xl-01,enabled,2022-12-29 06:34:47.101
271,63881160df3731ec1fdb470d,117960501769058,0,True,176063441912909,B092MQQW3W,206434087699040,2022-12-01 01:56:26.245,False,3932195223562143,us,FIT-HEAL-HFG-M-01,fit-heal-hfg-m-01,enabled,2022-12-29 06:34:47.245
272,6388116ddf3731ec1fdb5e05,108247062715291,0,True,138628679219556,B098R5KZYX,171733710937209,2022-12-01 01:56:26.245,False,3932195223562143,us,FIT-HEAL-WB-SM-L-01,fit-heal-wb-sm-l-01,enabled,2022-12-29 06:34:58.820
273,6388116ddf3731ec1fdb5e54,119803205262711,0,True,138628679219556,B098R4WY6N,171733710937209,2022-12-01 01:56:26.245,False,3932195223562143,us,FIT-HEAL-WB-SM-R-01,fit-heal-wb-sm-r-01,enabled,2022-12-29 06:34:58.964
274,6388116ddf3731ec1fdb5e9c,224518885201403,0,True,138628679219556,B098R478GX,171733710937209,2022-12-01 01:56:26.245,False,3932195223562143,us,FIT-HEAL-WB-LXL-L-01,fit-heal-wb-lxl-l-01,enabled,2022-12-29 06:34:59.108
275,6388116ddf3731ec1fdb5f40,125007665903763,0,True,138628679219556,B098R5HTVB,171733710937209,2022-12-01 01:56:26.245,False,3932195223562143,us,FIT-HEAL-WB-LXL-R-01,fit-heal-wb-lxl-r-01,enabled,2022-12-29 06:34:59.251
276,63881170df3731ec1fdb630e,64970350695713,0,True,137148697360324,B092MQTBDF,180552945709583,2022-12-01 01:56:26.245,False,3932195223562143,us,FIT-HEAL-HFG-S-01,fit-heal-hfg-s-01,enabled,2022-12-29 06:35:01.614
277,63881170df3731ec1fdb6351,203689671703572,0,True,137148697360324,B092MQTBDF,180552945709583,2022-12-01 01:56:26.245,False,3932195223562143,us,1F-JIYZ-RHWP,1f-jiyz-rhwp,enabled,2022-12-29 06:35:01.768
278,63881170df3731ec1fdb6387,72575618351215,0,True,137148697360324,B092MM8SYV,180552945709583,2022-12-01 01:56:26.245,False,3932195223562143,us,FIT-HEAL-HFG-L-01,fit-heal-hfg-l-01,enabled,2022-12-29 06:35:01.912
279,63881170df3731ec1fdb63b7,141129259745594,0,True,137148697360324,B092MP8D8J,180552945709583,2022-12-01 01:56:26.245,False,3932195223562143,us,FIT-HEAL-HFG-XL-01,fit-heal-hfg-xl-01,enabled,2022-12-29 06:35:02.089
280,63881170df3731ec1fdb63fd,249679274449451,0,True,137148697360324,B092MQQW3W,180552945709583,2022-12-01 01:56:26.245,False,3932195223562143,us,FIT-HEAL-HFG-M-01,fit-heal-hfg-m-01,enabled,2022-12-29 06:35:02.234
281,63881186df3731ec1fdb9007,92420093160021,0,True,223915413803973,B092MQTBDF,252020553133726,2022-12-01 01:56:26.245,False,3932195223562143,us,FIT-HEAL-HFG-S-01,fit-heal-hfg-s-01,enabled,2022-12-29 06:35:22.439
282,63881187df3731ec1fdb9043,40459439472899,0,True,223915413803973,B092MQTBDF,252020553133726,2022-12-01 01:56:26.245,False,3932195223562143,us,1F-JIYZ-RHWP,1f-jiyz-rhwp,enabled,2022-12-29 06:35:22.584
283,63881187df3731ec1fdb9071,234128190327108,0,True,223915413803973,B092MM8SYV,252020553133726,2022-12-01 01:56:26.245,False,3932195223562143,us,FIT-HEAL-HFG-L-01,fit-heal-hfg-l-01,enabled,2022-12-29 06:35:22.728
284,63881187df3731ec1fdb90a9,235411526751203,0,True,223915413803973,B092MP8D8J,252020553133726,2022-12-01 01:56:26.245,False,3932195223562143,us,FIT-HEAL-HFG-XL-01,fit-heal-hfg-xl-01,enabled,2022-12-29 06:35:22.873
285,6388119ddf3731ec1fdbb4f6,30230759863144,0,True,117107109418420,B098R5KZYX,94138832133329,2022-12-01 01:56:26.245,False,3932195223562143,us,FIT-HEAL-WB-SM-L-01,fit-heal-wb-sm-l-01,enabled,2022-12-29 06:35:42.724
286,6388119ddf3731ec1fdbb53e,119383622577001,0,True,117107109418420,B098R4WY6N,94138832133329,2022-12-01 01:56:26.245,False,3932195223562143,us,FIT-HEAL-WB-SM-R-01,fit-heal-wb-sm-r-01,enabled,2022-12-29 06:35:42.869
287,6388119edf3731ec1fdbb666,65255345652208,0,True,117107109418420,B098R478GX,94138832133329,2022-12-01 01:56:26.245,False,3932195223562143,us,FIT-HEAL-WB-LXL-L-01,fit-heal-wb-lxl-l-01,enabled,2022-12-29 06:35:43.016
288,6388119edf3731ec1fdbb695,83074631320177,0,True,117107109418420,B098R5HTVB,94138832133329,2022-12-01 01:56:26.245,False,3932195223562143,us,FIT-HEAL-WB-LXL-R-01,fit-heal-wb-lxl-r-01,enabled,2022-12-29 06:35:43.160
289,638811aadf3731ec1fdbd0ff,130651786798574,0,True,216640359481516,B092MQTBDF,81234426413390,2022-12-01 01:56:26.245,False,3932195223562143,us,FIT-HEAL-HFG-S-01,fit-heal-hfg-s-01,enabled,2022-12-29 06:35:54.189
290,638811abdf3731ec1fdbd15c,50174410033123,0,True,216640359481516,B092MM8SYV,81234426413390,2022-12-01 01:56:26.245,False,3932195223562143,us,FIT-HEAL-HFG-L-01,fit-heal-hfg-l-01,enabled,2022-12-29 06:35:54.334
291,638811abdf3731ec1fdbd1b1,174774871370056,0,True,216640359481516,B092MP8D8J,81234426413390,2022-12-01 01:56:26.245,False,3932195223562143,us,FIT-HEAL-HFG-XL-01,fit-heal-hfg-xl-01,enabled,2022-12-29 06:35:54.478
292,638811abdf3731ec1fdbd22c,7947018978082,0,True,216640359481516,B092MQQW3W,81234426413390,2022-12-01 01:56:26.245,False,3932195223562143,us,FIT-HEAL-HFG-M-01,fit-heal-hfg-m-01,enabled,2022-12-29 06:35:54.622
293,638811b2df3731ec1fdbe534,85670500041217,0,True,214164457921922,B098R4WY6N,18360742269411,2022-12-01 01:56:26.245,False,3932195223562143,us,FIT-HEAL-WB-SM-R-01,fit-heal-wb-sm-r-01,enabled,2022-12-29 06:36:02.305
294,638811b3df3731ec1fdbe5d1,10799624759059,0,True,214164457921922,B098R478GX,18360742269411,2022-12-01 01:56:26.245,False,3932195223562143,us,FIT-HEAL-WB-LXL-L-01,fit-heal-wb-lxl-l-01,enabled,2022-12-29 06:36:02.448
295,638811b3df3731ec1fdbe6ab,176328946090597,0,True,214164457921922,B098R5HTVB,18360742269411,2022-12-01 01:56:26.245,False,3932195223562143,us,FIT-HEAL-WB-LXL-R-01,fit-heal-wb-lxl-r-01,enabled,2022-12-29 06:36:02.593
296,638811b3df3731ec1fdbe6fd,187717170195356,0,True,214164457921922,B098R5KZYX,18360742269411,2022-12-01 01:56:26.245,False,3932195223562143,us,FIT-HEAL-WB-SM-L-01,fit-heal-wb-sm-l-01,enabled,2022-12-29 06:36:02.737
297,638811b6df3731ec1fdbee32,169408906130888,0,True,259519315742054,B092MM8SYV,171494578080082,2022-12-01 01:56:26.245,False,3932195223562143,us,FIT-HEAL-HFG-L-01,fit-heal-hfg-l-01,enabled,2022-12-29 06:36:05.640
298,638811b6df3731ec1fdbee70,158950455618384,0,True,259519315742054,B092MP8D8J,171494578080082,2022-12-01 01:56:26.245,False,3932195223562143,us,FIT-HEAL-HFG-XL-01,fit-heal-hfg-xl-01,enabled,2022-12-29 06:36:05.785
299,638811b6df3731ec1fdbeeec,219007777300720,0,True,259519315742054,B092MQQW3W,171494578080082,2022-12-01 01:56:26.245,False,3932195223562143,us,FIT-HEAL-HFG-M-01,fit-heal-hfg-m-01,enabled,2022-12-29 06:36:05.929
300,638811b7df3731ec1fdbef95,115401274638853,0,True,259519315742054,B092MQTBDF,171494578080082,2022-12-01 01:56:26.245,False,3932195223562143,us,FIT-HEAL-HFG-S-01,fit-heal-hfg-s-01,enabled,2022-12-29 06:36:06.073
301,638811badf3731ec1fdbf684,268864146070541,0,True,91509301762748,B098R4WY6N,11012235634282,2022-12-01 01:56:26.245,False,3932195223562143,us,FIT-HEAL-WB-SM-R-01,fit-heal-wb-sm-r-01,enabled,2022-12-29 06:36:09.454
302,638811badf3731ec1fdbf742,275718344574240,0,True,91509301762748,B098R478GX,11012235634282,2022-12-01 01:56:26.245,False,3932195223562143,us,FIT-HEAL-WB-LXL-L-01,fit-heal-wb-lxl-l-01,enabled,2022-12-29 06:36:09.598
303,638811badf3731ec1fdbf7c0,242457287127669,0,True,91509301762748,B098R5HTVB,11012235634282,2022-12-01 01:56:26.245,False,3932195223562143,us,FIT-HEAL-WB-LXL-R-01,fit-heal-wb-lxl-r-01,enabled,2022-12-29 06:36:09.742
304,638811badf3731ec1fdbf814,266360749144577,0,True,91509301762748,B098R5KZYX,11012235634282,2022-12-01 01:56:26.245,False,3932195223562143,us,FIT-HEAL-WB-SM-L-01,fit-heal-wb-sm-l-01,enabled,2022-12-29 06:36:09.886
305,638811badf3731ec1fdbf86f,68750284326761,0,True,91509301762748,B092MM8SYV,11012235634282,2022-12-01 01:56:26.245,False,3932195223562143,us,FIT-HEAL-HFG-L-01,fit-heal-hfg-l-01,enabled,2022-12-29 06:36:10.029
306,638811badf3731ec1fdbf8b9,206905835636955,0,True,91509301762748,B092MP8D8J,11012235634282,2022-12-01 01:56:26.245,False,3932195223562143,us,FIT-HEAL-HFG-XL-01,fit-heal-hfg-xl-01,enabled,2022-12-29 06:36:10.175
307,638811bbdf3731ec1fdbf8fe,50542853203928,0,True,91509301762748,B092MQQW3W,11012235634282,2022-12-01 01:56:26.245,False,3932195223562143,us,FIT-HEAL-HFG-M-01,fit-heal-hfg-m-01,enabled,2022-12-29 06:36:10.320
308,638811bbdf3731ec1fdbf953,105152568886613,0,True,91509301762748,B092MQTBDF,11012235634282,2022-12-01 01:56:26.245,False,3932195223562143,us,FIT-HEAL-HFG-S-01,fit-heal-hfg-s-01,enabled,2022-12-29 06:36:10.463
309,638811bedf3731ec1fdc00a7,190117167317506,0,True,35579811194661,B092MQTBDF,250287176913619,2022-12-01 01:56:26.245,False,3932195223562143,us,FIT-HEAL-HFG-S-01,fit-heal-hfg-s-01,paused,2022-12-29 06:36:13.961
310,638811bfdf3731ec1fdc00ed,256182471467994,0,True,35579811194661,B092MM8SYV,250287176913619,2022-12-01 01:56:26.245,False,3932195223562143,us,FIT-HEAL-HFG-L-01,fit-heal-hfg-l-01,paused,2022-12-29 06:36:14.105
311,638811bfdf3731ec1fdc0134,81844817207419,0,True,35579811194661,B092MP8D8J,250287176913619,2022-12-01 01:56:26.245,False,3932195223562143,us,FIT-HEAL-HFG-XL-01,fit-heal-hfg-xl-01,paused,2022-12-29 06:36:14.249
312,638811bfdf3731ec1fdc0185,190901196380739,0,True,35579811194661,B092MQQW3W,250287176913619,2022-12-01 01:56:26.245,False,3932195223562143,us,FIT-HEAL-HFG-M-01,fit-heal-hfg-m-01,paused,2022-12-29 06:36:14.392
313,638811bfdf3731ec1fdc01de,218187463204990,0,True,35579811194661,B098R4WY6N,250287176913619,2022-12-01 01:56:26.245,False,3932195223562143,us,FIT-HEAL-WB-SM-R-01,fit-heal-wb-sm-r-01,enabled,2022-12-29 06:36:14.537
314,638811bfdf3731ec1fdc0217,153729495673414,0,True,35579811194661,B098R478GX,250287176913619,2022-12-01 01:56:26.245,False,3932195223562143,us,FIT-HEAL-WB-LXL-L-01,fit-heal-wb-lxl-l-01,enabled,2022-12-29 06:36:14.681
315,638811bfdf3731ec1fdc024d,5060984012722,0,True,35579811194661,B098R5HTVB,250287176913619,2022-12-01 01:56:26.245,False,3932195223562143,us,FIT-HEAL-WB-LXL-R-01,fit-heal-wb-lxl-r-01,enabled,2022-12-29 06:36:14.826
316,638811bfdf3731ec1fdc02a7,141782618127229,0,True,35579811194661,B098R5KZYX,250287176913619,2022-12-01 01:56:26.245,False,3932195223562143,us,FIT-HEAL-WB-SM-L-01,fit-heal-wb-sm-l-01,enabled,2022-12-29 06:36:14.974
317,638811c3df3731ec1fdc0810,154208089339987,0,True,218474298752461,B098R4WY6N,255291444863370,2022-12-01 01:56:26.245,False,3932195223562143,us,FIT-HEAL-WB-SM-R-01,fit-heal-wb-sm-r-01,paused,2022-12-29 06:36:18.389
318,638811c3df3731ec1fdc084b,153631153512644,0,True,218474298752461,B098R478GX,255291444863370,2022-12-01 01:56:26.245,False,3932195223562143,us,FIT-HEAL-WB-LXL-L-01,fit-heal-wb-lxl-l-01,paused,2022-12-29 06:36:18.533
319,638811c3df3731ec1fdc08b9,96787601001547,0,True,218474298752461,B098R5HTVB,255291444863370,2022-12-01 01:56:26.245,False,3932195223562143,us,FIT-HEAL-WB-LXL-R-01,fit-heal-wb-lxl-r-01,paused,2022-12-29 06:36:18.678
320,638811c3df3731ec1fdc08e6,233604859932945,0,True,218474298752461,B098R5KZYX,255291444863370,2022-12-01 01:56:26.245,False,3932195223562143,us,FIT-HEAL-WB-SM-L-01,fit-heal-wb-sm-l-01,paused,2022-12-29 06:36:18.822
321,638811c4df3731ec1fdc0922,8456056998429,0,True,218474298752461,B092MQTBDF,255291444863370,2022-12-01 01:56:26.245,False,3932195223562143,us,FIT-HEAL-HFG-S-01,fit-heal-hfg-s-01,enabled,2022-12-29 06:36:18.966
322,638811c4df3731ec1fdc09c8,60360505503789,0,True,218474298752461,B092MM8SYV,255291444863370,2022-12-01 01:56:26.245,False,3932195223562143,us,FIT-HEAL-HFG-L-01,fit-heal-hfg-l-01,enabled,2022-12-29 06:36:19.110
323,638811c4df3731ec1fdc09fa,98114490362219,0,True,218474298752461,B092MP8D8J,255291444863370,2022-12-01 01:56:26.245,False,3932195223562143,us,FIT-HEAL-HFG-XL-01,fit-heal-hfg-xl-01,enabled,2022-12-29 06:36:19.254
324,638811c4df3731ec1fdc0a30,132191682398676,0,True,218474298752461,B092MQQW3W,255291444863370,2022-12-01 01:56:26.245,False,3932195223562143,us,FIT-HEAL-HFG-M-01,fit-heal-hfg-m-01,enabled,2022-12-29 06:36:19.398
325,638811c8df3731ec1fdc112e,50368928141903,0,True,70276218540411,B092MM8SYV,208695785647899,2022-12-01 01:56:26.245,False,3932195223562143,us,FIT-HEAL-HFG-L-01,fit-heal-hfg-l-01,enabled,2022-12-29 06:36:22.306
326,638811c8df3731ec1fdc116a,230117041219984,0,True,70276218540411,B092MQTBDF,208695785647899,2022-12-01 01:56:26.245,False,3932195223562143,us,FIT-HEAL-HFG-S-01,fit-heal-hfg-s-01,enabled,2022-12-29 06:36:22.451
327,638811c8df3731ec1fdc11b2,268684669448315,0,True,70276218540411,B092MP8D8J,208695785647899,2022-12-01 01:56:26.245,False,3932195223562143,us,FIT-HEAL-HFG-XL-01,fit-heal-hfg-xl-01,enabled,2022-12-29 06:36:22.595
328,638811c8df3731ec1fdc11f8,184041969050689,0,True,70276218540411,B092MQQW3W,208695785647899,2022-12-01 01:56:26.245,False,3932195223562143,us,FIT-HEAL-HFG-M-01,fit-heal-hfg-m-01,enabled,2022-12-29 06:36:22.742
329,638811cbdf3731ec1fdc15fe,11458980917539,0,True,42480938944388,B098R5KZYX,129044772844868,2022-12-01 01:56:26.245,False,3932195223562143,us,FIT-HEAL-WB-SM-L-01,fit-heal-wb-sm-l-01,enabled,2022-12-29 06:36:25.546
330,638811cbdf3731ec1fdc164d,199342009755922,0,True,42480938944388,B098R4WY6N,129044772844868,2022-12-01 01:56:26.245,False,3932195223562143,us,FIT-HEAL-WB-SM-R-01,fit-heal-wb-sm-r-01,enabled,2022-12-29 06:36:25.693
331,638811cbdf3731ec1fdc169d,19750306074001,0,True,42480938944388,B098R478GX,129044772844868,2022-12-01 01:56:26.245,False,3932195223562143,us,FIT-HEAL-WB-LXL-L-01,fit-heal-wb-lxl-l-01,enabled,2022-12-29 06:36:25.837
332,638811ccdf3731ec1fdc1743,89107378686834,0,True,42480938944388,B098R5HTVB,129044772844868,2022-12-01 01:56:26.245,False,3932195223562143,us,FIT-HEAL-WB-LXL-R-01,fit-heal-wb-lxl-r-01,enabled,2022-12-29 06:36:25.981
333,638811cfdf3731ec1fdc1b94,109793000468531,0,True,171133689917700,B092MM8SYV,105539534043028,2022-12-01 01:56:26.245,False,3932195223562143,us,FIT-HEAL-HFG-L-01,fit-heal-hfg-l-01,enabled,2022-12-29 06:36:29.448
334,638811cfdf3731ec1fdc1bd1,260772053117453,0,True,171133689917700,B092MQTBDF,105539534043028,2022-12-01 01:56:26.245,False,3932195223562143,us,FIT-HEAL-HFG-S-01,fit-heal-hfg-s-01,enabled,2022-12-29 06:36:29.591
335,638811cfdf3731ec1fdc1c1e,264919560881643,0,True,171133689917700,B092MP8D8J,105539534043028,2022-12-01 01:56:26.245,False,3932195223562143,us,FIT-HEAL-HFG-XL-01,fit-heal-hfg-xl-01,enabled,2022-12-29 06:36:29.747
336,638811cfdf3731ec1fdc1c73,229268345987134,0,True,171133689917700,B092MQQW3W,105539534043028,2022-12-01 01:56:26.245,False,3932195223562143,us,FIT-HEAL-HFG-M-01,fit-heal-hfg-m-01,enabled,2022-12-29 06:36:29.891
337,638811d2df3731ec1fdc2243,142711685341462,0,True,101508102427657,B092MQTBDF,110818060858326,2022-12-01 01:56:26.245,False,3932195223562143,us,FIT-HEAL-HFG-S-01,fit-heal-hfg-s-01,enabled,2022-12-29 06:36:33.054
338,638811d2df3731ec1fdc2287,244698401189616,0,True,101508102427657,B092MQTBDF,110818060858326,2022-12-01 01:56:26.245,False,3932195223562143,us,1F-JIYZ-RHWP,1f-jiyz-rhwp,enabled,2022-12-29 06:36:33.199
339,638811d2df3731ec1fdc22b6,53745977038724,0,True,101508102427657,B092MM8SYV,110818060858326,2022-12-01 01:56:26.245,False,3932195223562143,us,FIT-HEAL-HFG-L-01,fit-heal-hfg-l-01,enabled,2022-12-29 06:36:33.343
340,638811d3df3731ec1fdc2300,250856079879754,0,True,101508102427657,B092MP8D8J,110818060858326,2022-12-01 01:56:26.245,False,3932195223562143,us,FIT-HEAL-HFG-XL-01,fit-heal-hfg-xl-01,enabled,2022-12-29 06:36:33.486
341,638811d3df3731ec1fdc234e,70812304441213,0,True,101508102427657,B092MQQW3W,110818060858326,2022-12-01 01:56:26.245,False,3932195223562143,us,FIT-HEAL-HFG-M-01,fit-heal-hfg-m-01,enabled,2022-12-29 06:36:33.632
342,638811d6df3731ec1fdc27e9,160723367137078,0,True,222432342034831,B098R5HTVB,247350970281337,2022-12-01 01:56:26.245,False,3932195223562143,us,FIT-HEAL-WB-LXL-R-01,fit-heal-wb-lxl-r-01,enabled,2022-12-29 06:36:36.555
343,638811d6df3731ec1fdc2804,182188179705067,0,True,222432342034831,B098R478GX,247350970281337,2022-12-01 01:56:26.245,False,3932195223562143,us,FIT-HEAL-WB-LXL-L-01,fit-heal-wb-lxl-l-01,enabled,2022-12-29 06:36:36.703
344,638811d6df3731ec1fdc2855,143392963953964,0,True,222432342034831,B098R4WY6N,247350970281337,2022-12-01 01:56:26.245,False,3932195223562143,us,FIT-HEAL-WB-SM-R-01,fit-heal-wb-sm-r-01,enabled,2022-12-29 06:36:36.848
345,638811d6df3731ec1fdc2891,272937923023519,0,True,222432342034831,B098R5KZYX,247350970281337,2022-12-01 01:56:26.245,False,3932195223562143,us,FIT-HEAL-WB-SM-L-01,fit-heal-wb-sm-l-01,enabled,2022-12-29 06:36:36.992
346,638811d9df3731ec1fdc2c8d,76929447357601,0,True,177368302215099,B098R5KZYX,139882857331185,2022-12-01 01:56:26.245,False,3932195223562143,us,FIT-HEAL-WB-SM-L-01,fit-heal-wb-sm-l-01,enabled,2022-12-29 06:36:39.882
347,638811d9df3731ec1fdc2ce4,24284502807687,0,True,177368302215099,B098R4WY6N,139882857331185,2022-12-01 01:56:26.245,False,3932195223562143,us,FIT-HEAL-WB-SM-R-01,fit-heal-wb-sm-r-01,enabled,2022-12-29 06:36:40.029
348,638811dadf3731ec1fdc2e26,109507905118288,0,True,177368302215099,B098R478GX,139882857331185,2022-12-01 01:56:26.245,False,3932195223562143,us,FIT-HEAL-WB-LXL-L-01,fit-heal-wb-lxl-l-01,enabled,2022-12-29 06:36:40.190
349,638811dadf3731ec1fdc2e74,181923890314218,0,True,177368302215099,B098R5HTVB,139882857331185,2022-12-01 01:56:26.245,False,3932195223562143,us,FIT-HEAL-WB-LXL-R-01,fit-heal-wb-lxl-r-01,enabled,2022-12-29 06:36:40.334
