,CR,x_prior,x_post ,Date,Leave,campaignName,adGroupName,targeting,matchType
3.0,0.13417478214151304,0.13417478214151304,0.12880402680208713,2022-11-30,3.0,Brace - SP - BBM,bbm,+tendonitis +wrist,broad
3.0,0.13417478214151304,0.13417478214151304,0.12880402680208713,2022-11-30,3.0,Catch all grouped,brace,canilleras para manos,phrase
3.0,0.13417478214151304,0.13417478214151304,0.12880402680208713,2022-11-30,3.0,Catch all grouped,brace,edema glove,broad
3.0,0.13417478214151304,0.13417478214151304,0.12880402680208713,2022-11-30,3.0,Catch all grouped,brace,edema glove,phrase
3.0,0.13417478214151304,0.13417478214151304,0.12880402680208713,2022-11-30,3.0,Gloves  - Competitor Brand - Exact,Gloves  - Competitor Brand - Exact,copper compression,phrase
3.0,0.13417478214151304,0.13417478214151304,0.12880402680208713,2022-11-30,3.0,Gloves  - Competitor Brand - Exact,Gloves  - Competitor Brand - Exact,copper fit gloves,exact
3.0,0.13417478214151304,0.13417478214151304,0.12880402680208713,2022-11-30,3.0,Gloves - SP - Cerebro - Broad,Cerebro - Broad,copper gloves men,broad
3.0,0.13417478214151304,0.13417478214151304,0.12880402680208713,2022-11-30,3.0,Catch all grouped,gloves,emf gloves,phrase
3.0,0.13417478214151304,0.13417478214151304,0.12880402680208713,2022-11-30,3.0,Gloves - SP - Cerebro - Amazons Choice - Exact,Gloves - SP - Cerebro - Amazons Choice - Exact,carpal tunnel gloves,exact
3.0,0.13417478214151304,0.13417478214151304,0.12880402680208713,2022-11-30,3.0,Gloves  - Competitor Brand - Exact,Gloves  - Competitor Brand - Exact,ace gloves,phrase
3.0,0.13417478214151304,0.13417478214151304,0.12880402680208713,2022-11-30,3.0,Gloves  - Competitor Brand - Exact,Gloves  - Competitor Brand - Exact,copper compression,exact
3.0,0.13417478214151304,0.13417478214151304,0.12880402680208713,2022-11-30,3.0,Gloves  - Competitor Brand - Exact,Gloves  - Competitor Brand - Exact,copper compression,broad
3.0,0.13417478214151304,0.13417478214151304,0.12880402680208713,2022-11-30,3.0,Gloves - SP - Cerebro - Exact,gloves,compression gloves for edema,exact
3.0,0.13417478214151304,0.13417478214151304,0.12880402680208713,2022-11-30,3.0,Brace - SP - BBM,bbm,+copper +tendinitis,broad
3.0,0.13417478214151304,0.13417478214151304,0.12880402680208713,2022-11-30,3.0,Brace - SP - BBM,bbm,+tendinitis +wrist,broad
3.0,0.13417478214151304,0.13417478214151304,0.12880402680208713,2022-11-30,3.0,Brace - SP - Exact - Generic - GS,Generic Keywords,compression wrist brace,exact
3.0,0.13417478214151304,0.13417478214151304,0.12880402680208713,2022-11-30,3.0,Brace - SP - Broad - Injury KW - GS,Tendinitis,brace tendonitis,broad
3.0,0.13417478214151304,0.13417478214151304,0.12880402680208713,2022-11-30,3.0,Brace - SP - Exact - Generic - GS,Generic Keywords,compression wrist support,exact
3.0,0.13417478214151304,0.13417478214151304,0.12880402680208713,2022-11-30,3.0,Gloves - SP - Cerebro - Amazons Choice - Exact,Gloves - SP - Cerebro - Amazons Choice - Exact,copper fit gloves for men,exact
3.0,0.13417478214151304,0.13417478214151304,0.12880402680208713,2022-11-30,3.0,Gloves - SP - Cerebro - Broad,Cerebro - Broad,compression hand arm sleeves for women,broad
3.0,0.13417478214151304,0.13417478214151304,0.12880402680208713,2022-11-30,3.0,Gloves - SP - Cerebro - Broad,Cerebro - Broad,copper finger glove,broad
3.0,0.13417478214151304,0.13417478214151304,0.12880402680208713,2022-11-30,3.0,Catch all grouped,brace,comfybrace,phrase
3.0,0.13417478214151304,0.13417478214151304,0.12880402680208713,2022-11-30,3.0,Gloves - SP - Cerebro - Broad,Cerebro - Broad,compression socks for hand,broad
3.0,0.13417478214151304,0.13417478214151304,0.12880402680208713,2022-11-30,3.0,Gloves - SP - Cerebro - Broad,Cerebro - Broad,copper fingerless glove for women,broad
3.0,0.13417478214151304,0.13417478214151304,0.12880402680208713,2022-11-30,3.0,Gloves - SP - Cerebro - Broad,Cerebro - Broad,copper fit gloves,broad
3.0,0.13417478214151304,0.13417478214151304,0.12880402680208713,2022-11-30,3.0,Gloves  - Competitor Brand - Exact,Gloves  - Competitor Brand - Exact,ace gloves,exact
3.0,0.13417478214151304,0.13417478214151304,0.12880402680208713,2022-11-30,3.0,Brace - SP - BBM,bbm,+copper +brace,broad
3.0,0.13417478214151304,0.13417478214151304,0.12880402680208713,2022-11-30,3.0,Brace - SP - Competitor manual,brace,copper compression wrist support,exact
3.0,0.13417478214151304,0.13417478214151304,0.12880402680208713,2022-11-30,3.0,Catch all grouped,brace,copper wrist band,broad
3.0,0.13417478214151304,0.13417478214151304,0.12880402680208713,2022-11-30,3.0,Catch all grouped,gloves,bowling gloves right hand,phrase
3.0,0.13417478214151304,0.13417478214151304,0.12880402680208713,2022-11-30,3.0,Catch all grouped,gloves,finger compression,phrase
3.0,0.13417478214151304,0.13417478214151304,0.12880402680208713,2022-11-30,3.0,Catch all grouped,gloves,finger gloves,broad
3.0,0.13417478214151304,0.13417478214151304,0.12880402680208713,2022-11-30,3.0,Catch all grouped,gloves,finger gloves,phrase
3.0,0.13417478214151304,0.13417478214151304,0.12880402680208713,2022-11-30,3.0,Catch all grouped,gloves,fingerless gloves,exact
3.0,0.13417478214151304,0.13417478214151304,0.12880402680208713,2022-11-30,3.0,Catch all grouped,gloves,fingerless gloves,phrase
3.0,0.13417478214151304,0.13417478214151304,0.12880402680208713,2022-11-30,3.0,Catch all grouped,gloves,fingerless gloves men,phrase
3.0,0.13417478214151304,0.13417478214151304,0.12880402680208713,2022-11-30,3.0,Catch all grouped,gloves,fingerless gloves women,exact
3.0,0.13417478214151304,0.13417478214151304,0.12880402680208713,2022-11-30,3.0,Gloves - SP - Cerebro - Broad,Cerebro - Broad,arthritis compression gloves men,broad
3.0,0.13417478214151304,0.13417478214151304,0.12880402680208713,2022-11-30,3.0,Gloves - SP - Cerebro - Broad,Cerebro - Broad,arthritis gloves,broad
3.0,0.13417478214151304,0.13417478214151304,0.12880402680208713,2022-11-30,3.0,Gloves - SP - Cerebro - Broad,Cerebro - Broad,arthritis gloves magnetic,broad
3.0,0.13417478214151304,0.13417478214151304,0.12880402680208713,2022-11-30,3.0,Gloves - SP - Cerebro - Broad,Cerebro - Broad,arthritis hand relief,broad
3.0,0.13417478214151304,0.13417478214151304,0.12880402680208713,2022-11-30,3.0,Gloves - SP - Cerebro - Broad,Cerebro - Broad,carpal tunnel gloves,broad
3.0,0.13417478214151304,0.13417478214151304,0.12880402680208713,2022-11-30,3.0,Gloves - SP - Cerebro - Broad,Cerebro - Broad,compression gloves,broad
3.0,0.13417478214151304,0.13417478214151304,0.12880402680208713,2022-11-30,3.0,Gloves - SP - Cerebro - Broad,Cerebro - Broad,compression hands women,broad
3.0,0.13417478214151304,0.13417478214151304,0.12880402680208713,2022-11-30,3.0,Gloves - SP - Cerebro - Broad,Cerebro - Broad,copper compression gloves,broad
3.0,0.13417478214151304,0.13417478214151304,0.12880402680208713,2022-11-30,3.0,Gloves - SP - Cerebro - Broad,Cerebro - Broad,copper glove,broad
3.0,0.13417478214151304,0.13417478214151304,0.12880402680208713,2022-11-30,3.0,Gloves - SP - Cerebro - Broad,Cerebro - Broad,copper infused gloves,broad
3.0,0.13417478214151304,0.13417478214151304,0.12880402680208713,2022-11-30,3.0,Catch all grouped,brace,copper gloves,phrase
3.0,0.13417478214151304,0.13417478214151304,0.12880402680208713,2022-11-30,3.0,Catch all grouped,brace,copper wrist support,broad
3.0,0.13417478214151304,0.13417478214151304,0.12880402680208713,2022-11-30,3.0,Catch all grouped,gloves,arthritis,broad
3.0,0.13417478214151304,0.13417478214151304,0.12880402680208713,2022-11-30,3.0,Catch all grouped,gloves,arthritis,phrase
3.0,0.13417478214151304,0.13417478214151304,0.12880402680208713,2022-11-30,3.0,Catch all grouped,gloves,copper infused gloves men,broad
3.0,0.13417478214151304,0.13417478214151304,0.12880402680208713,2022-11-30,3.0,Gloves - SP - Cerebro - Broad,Cerebro - Broad,cooper gloves,broad
3.0,0.13417478214151304,0.13417478214151304,0.12880402680208713,2022-11-30,3.0,Gloves - SP - Cerebro - Broad,Cerebro - Broad,edema glove,broad
16.0,0.07481153969253254,0.07481153969253254,0.07263492047228472,2022-11-30,16.0,Gloves - SP - KW - MIX - Discovery,gloves,arthritis gloves for women for pain,exact
16.0,0.07481153969253254,0.07481153969253254,0.07263492047228472,2022-11-30,16.0,Gloves - SP - KW - MIX - Discovery,gloves,arthritis gloves for women for pain,broad
16.0,0.07481153969253254,0.07481153969253254,0.07263492047228472,2022-11-30,16.0,Gloves - SP - KW - MIX - Discovery,gloves,arthritis gloves for women for pain,phrase
16.0,0.07481153969253254,0.07481153969253254,0.07263492047228472,2022-11-30,16.0,Gloves - SP - Cerebro - Phrase,Cerebro - Phrase,anti arthritis gloves,phrase
16.0,0.07481153969253254,0.07481153969253254,0.07263492047228472,2022-11-30,16.0,Gloves - SP - Cerebro - Phrase,Cerebro - Phrase,arthriti glove,phrase
16.0,0.07481153969253254,0.07481153969253254,0.07263492047228472,2022-11-30,16.0,Gloves - SP - Cerebro - Phrase,Cerebro - Phrase,arthriti compression,phrase
16.0,0.07481153969253254,0.07481153969253254,0.07263492047228472,2022-11-30,16.0,Gloves - SP - Cerebro - Phrase,Cerebro - Phrase,arthriti compression glove,phrase
16.0,0.07481153969253254,0.07481153969253254,0.07263492047228472,2022-11-30,16.0,Gloves - SP - Cerebro - Phrase,Cerebro - Phrase,arthriti pain,phrase
16.0,0.07481153969253254,0.07481153969253254,0.07263492047228472,2022-11-30,16.0,Gloves - SP - Cerebro - Phrase,Cerebro - Phrase,arthriti pain relief,phrase
16.0,0.07481153969253254,0.07481153969253254,0.07263492047228472,2022-11-30,16.0,Gloves - SP - Cerebro - Phrase,Cerebro - Phrase,arthriti joint,phrase
16.0,0.07481153969253254,0.07481153969253254,0.07263492047228472,2022-11-30,16.0,Gloves - SP - Cerebro - Phrase,Cerebro - Phrase,arthriti relief,phrase
16.0,0.07481153969253254,0.07481153969253254,0.07263492047228472,2022-11-30,16.0,Gloves - SP - Cerebro - Phrase,Cerebro - Phrase,arthritis glove,phrase
16.0,0.07481153969253254,0.07481153969253254,0.07263492047228472,2022-11-30,16.0,Gloves - SP - Cerebro - Phrase,Cerebro - Phrase,arthritis gloves,phrase
16.0,0.07481153969253254,0.07481153969253254,0.07263492047228472,2022-11-30,16.0,Gloves - SP - KW - MIX - Discovery,gloves,arthritis gloves,broad
16.0,0.07481153969253254,0.07481153969253254,0.07263492047228472,2022-11-30,16.0,Gloves - SP - KW - MIX - Discovery,gloves,arthritis gloves,phrase
16.0,0.07481153969253254,0.07481153969253254,0.07263492047228472,2022-11-30,16.0,Gloves - SP - KW - MIX - Discovery,gloves,arthritis gloves women,broad
16.0,0.07481153969253254,0.07481153969253254,0.07263492047228472,2022-11-30,16.0,Gloves - SP - manual,bbm,+arthritis +gloves,broad
16.0,0.07481153969253254,0.07481153969253254,0.07263492047228472,2022-11-30,16.0,Gloves - SP - manual,bbm,+arthritis +pain,broad
16.0,0.07481153969253254,0.07481153969253254,0.07263492047228472,2022-11-30,16.0,Gloves - SP - manual,bbm,+edema +glove,broad
16.0,0.07481153969253254,0.07481153969253254,0.07263492047228472,2022-11-30,16.0,Gloves - SP - manual,bbm,+hand +pain,broad
16.0,0.07481153969253254,0.07481153969253254,0.07263492047228472,2022-11-30,16.0,Gloves - SP - manual,bbm,+swelling +hand,broad
16.0,0.07481153969253254,0.07481153969253254,0.07263492047228472,2022-11-30,16.0,Gloves - SP - manual,phrase,arthritis,phrase
16.0,0.07481153969253254,0.07481153969253254,0.07263492047228472,2022-11-30,16.0,Gloves - SP - manual,phrase,arthritis gloves women,phrase
16.0,0.07481153969253254,0.07481153969253254,0.07263492047228472,2022-11-30,16.0,Gloves - SP - manual,phrase,circulation gloves,phrase
16.0,0.07481153969253254,0.07481153969253254,0.07263492047228472,2022-11-30,16.0,Gloves - SP - KW - MIX - Discovery,gloves,arthritis gloves women,phrase
16.0,0.07481153969253254,0.07481153969253254,0.07263492047228472,2022-11-30,16.0,Gloves - SP - manual,bbm,+copper +hand,broad
16.0,0.07481153969253254,0.07481153969253254,0.07263492047228472,2022-11-30,16.0,Gloves - SP - manual,broad,arthritis gloves women,broad
16.0,0.07481153969253254,0.07481153969253254,0.07263492047228472,2022-11-30,16.0,Gloves - SP - manual,broad,arthritis hand gloves,broad
16.0,0.07481153969253254,0.07481153969253254,0.07263492047228472,2022-11-30,16.0,Gloves - SP - manual,broad,arthritis hand relief,broad
16.0,0.07481153969253254,0.07481153969253254,0.07263492047228472,2022-11-30,16.0,Gloves - SP - manual,exact,arthritis compression gloves,exact
16.0,0.07481153969253254,0.07481153969253254,0.07263492047228472,2022-11-30,16.0,Gloves - SP - manual,phrase,arthritis gloves,phrase
16.0,0.07481153969253254,0.07481153969253254,0.07263492047228472,2022-11-30,16.0,Gloves - SP - manual,phrase,carpal tunnel gloves,phrase
21.0,0.25375302241949305,0.25375302241949305,0.23871476277659384,2022-11-30,21.0,Gloves - SP - Cerebro - Phrase,Cerebro - Phrase,compression glove,phrase
21.0,0.25375302241949305,0.25375302241949305,0.23871476277659384,2022-11-30,21.0,Gloves - SP - Exact - Brand Defense Keywords - GS,Gloves - SP - Exact - Brand Defense Keywords - GS,fititude compression gloves,exact
21.0,0.25375302241949305,0.25375302241949305,0.23871476277659384,2022-11-30,21.0,Gloves - SP - KW - MIX - Discovery,gloves,compression glove,broad
21.0,0.25375302241949305,0.25375302241949305,0.23871476277659384,2022-11-30,21.0,Gloves - SP - Exact - Brand Defense Keywords - GS,Gloves - SP - Exact - Brand Defense Keywords - GS,fititude,exact
21.0,0.25375302241949305,0.25375302241949305,0.23871476277659384,2022-11-30,21.0,Gloves - SP - Cerebro - Phrase,Cerebro - Phrase,copper glove,phrase
21.0,0.25375302241949305,0.25375302241949305,0.23871476277659384,2022-11-30,21.0,Gloves - SP - manual,broad,copper hands,broad
21.0,0.25375302241949305,0.25375302241949305,0.23871476277659384,2022-11-30,21.0,Gloves - SP - manual,exact,finger support arthritis,exact
21.0,0.25375302241949305,0.25375302241949305,0.23871476277659384,2022-11-30,21.0,Gloves - SP - manual,broad,copper gloves,broad
21.0,0.25375302241949305,0.25375302241949305,0.23871476277659384,2022-11-30,21.0,Gloves - SP - manual,exact,edema glove left hand,exact
21.0,0.25375302241949305,0.25375302241949305,0.23871476277659384,2022-11-30,21.0,Gloves - SP - Exact - Brand Defense Keywords - GS,Gloves - SP - Exact - Brand Defense Keywords - GS,fititude,phrase
21.0,0.25375302241949305,0.25375302241949305,0.23871476277659384,2022-11-30,21.0,Gloves - SP - Exact - Brand Defense Keywords - GS,Gloves - SP - Exact - Brand Defense Keywords - GS,compression gloves fititude,exact
21.0,0.25375302241949305,0.25375302241949305,0.23871476277659384,2022-11-30,21.0,Gloves - SP - KW - MIX - Discovery,gloves,compression gloves for arthritis for women,exact
21.0,0.25375302241949305,0.25375302241949305,0.23871476277659384,2022-11-30,21.0,Gloves - SP - KW - MIX - Discovery,gloves,compression glove,phrase
21.0,0.25375302241949305,0.25375302241949305,0.23871476277659384,2022-11-30,21.0,Gloves - SP - Exact - Brand Defense Keywords - GS,Gloves - SP - Exact - Brand Defense Keywords - GS,fititude compression gloves,broad
21.0,0.25375302241949305,0.25375302241949305,0.23871476277659384,2022-11-30,21.0,Gloves - SP - KW - MIX - Discovery,gloves,fingerless compression gloves for women,exact
21.0,0.25375302241949305,0.25375302241949305,0.23871476277659384,2022-11-30,21.0,Gloves - SP - Top Keywords,Top Keywords,compression gloves,phrase
21.0,0.25375302241949305,0.25375302241949305,0.23871476277659384,2022-11-30,21.0,Gloves - SP - manual,broad,edema glove,broad
21.0,0.25375302241949305,0.25375302241949305,0.23871476277659384,2022-11-30,21.0,Gloves - SP - manual,broad,finger support arthritis,broad
21.0,0.25375302241949305,0.25375302241949305,0.23871476277659384,2022-11-30,21.0,Gloves - SP - manual,pain,finger arthritis relief,exact
21.0,0.25375302241949305,0.25375302241949305,0.23871476277659384,2022-11-30,21.0,Gloves - SP - manual,pain,finger joint pain,broad
21.0,0.25375302241949305,0.25375302241949305,0.23871476277659384,2022-11-30,21.0,Gloves - SP - manual,pain,finger pain,broad
21.0,0.25375302241949305,0.25375302241949305,0.23871476277659384,2022-11-30,21.0,Gloves - SP - manual,phrase,compression gloves swelling,phrase
21.0,0.25375302241949305,0.25375302241949305,0.23871476277659384,2022-11-30,21.0,Gloves - SP - manual,phrase,finger compression gloves,phrase
21.0,0.25375302241949305,0.25375302241949305,0.23871476277659384,2022-11-30,21.0,Gloves - SP - KW - MIX - Discovery,gloves,compression gloves women,phrase
21.0,0.25375302241949305,0.25375302241949305,0.23871476277659384,2022-11-30,21.0,Gloves - SP - KW - MIX - Discovery,gloves,copper compression gloves,phrase
21.0,0.25375302241949305,0.25375302241949305,0.23871476277659384,2022-11-30,21.0,Gloves - SP - manual,broad,fingerless compression gloves,broad
32.0,0.36412636591258735,0.36412636591258735,0.3637983587215701,2022-11-30,32.0,Gloves - SP - Cerebro - Amazons Choice - Exact,Gloves - SP - Cerebro - Amazons Choice - Exact,gloves carpal tunnel,exact
32.0,0.36412636591258735,0.36412636591258735,0.3637983587215701,2022-11-30,32.0,Gloves - SP - Cerebro - Exact,gloves,gaming gloves,exact
32.0,0.36412636591258735,0.36412636591258735,0.3637983587215701,2022-11-30,32.0,Gloves - SP - Exact - Brand Defense Keywords - GS,Gloves - SP - Exact - Brand Defense Keywords - GS,fititude gloves,exact
32.0,0.36412636591258735,0.36412636591258735,0.3637983587215701,2022-11-30,32.0,Gloves - SP - Top Keywords,Top Keywords,gloves for swelling,exact
32.0,0.36412636591258735,0.36412636591258735,0.3637983587215701,2022-11-30,32.0,Gloves - SP - Exact - Brand Defense Keywords - GS,Gloves - SP - Exact - Brand Defense Keywords - GS,fititude infused copper pair of compression gloves,exact
32.0,0.36412636591258735,0.36412636591258735,0.3637983587215701,2022-11-30,32.0,Brace - SP - Broad - Generic - GS,Generic Keywords,gaming wrist brace,broad
32.0,0.36412636591258735,0.36412636591258735,0.3637983587215701,2022-11-30,32.0,Gloves - SP - Top Keywords,Top Keywords,gloves for swelling,phrase
32.0,0.36412636591258735,0.36412636591258735,0.3637983587215701,2022-11-30,32.0,Gloves - SP - Exact - Brand Defense Keywords - GS,Gloves - SP - Exact - Brand Defense Keywords - GS,fititude gloves,broad
32.0,0.36412636591258735,0.36412636591258735,0.3637983587215701,2022-11-30,32.0,Gloves - SP - manual,exact,gloves for arthritis,exact
32.0,0.36412636591258735,0.36412636591258735,0.3637983587215701,2022-11-30,32.0,Gloves - SP - Cerebro - Broad,Cerebro - Broad,gloves for rheumatoid arthritis,broad
32.0,0.36412636591258735,0.36412636591258735,0.3637983587215701,2022-11-30,32.0,Catch all grouped,gloves,gloves,broad
32.0,0.36412636591258735,0.36412636591258735,0.3637983587215701,2022-11-30,32.0,Gloves - SP - Cerebro - Amazons Choice - Exact,Gloves - SP - Cerebro - Amazons Choice - Exact,copper gloves for arthritis hands for women,exact
32.0,0.36412636591258735,0.36412636591258735,0.3637983587215701,2022-11-30,32.0,Gloves - SP - Cerebro - Amazons Choice - Exact,Gloves - SP - Cerebro - Amazons Choice - Exact,gaming gloves for cold hands,exact
32.0,0.36412636591258735,0.36412636591258735,0.3637983587215701,2022-11-30,32.0,Gloves - SP - Cerebro - Amazons Choice - Exact,Gloves - SP - Cerebro - Amazons Choice - Exact,gloves for arthritis hands for men,exact
32.0,0.36412636591258735,0.36412636591258735,0.3637983587215701,2022-11-30,32.0,Gloves - SP - Cerebro - Broad,Cerebro - Broad,gloves for painful hands,broad
32.0,0.36412636591258735,0.36412636591258735,0.3637983587215701,2022-11-30,32.0,Gloves - SP - manual,pain,glove hand pain,exact
32.0,0.36412636591258735,0.36412636591258735,0.3637983587215701,2022-11-30,32.0,Gloves - SP - manual,phrase,gaming gloves,phrase
32.0,0.36412636591258735,0.36412636591258735,0.3637983587215701,2022-11-30,32.0,Gloves - SP - Cerebro - Broad,Cerebro - Broad,gamer gloves,broad
32.0,0.36412636591258735,0.36412636591258735,0.3637983587215701,2022-11-30,32.0,Gloves - SP - Cerebro - Broad,Cerebro - Broad,gaming gloves pc,broad
32.0,0.36412636591258735,0.36412636591258735,0.3637983587215701,2022-11-30,32.0,Gloves - SP - Cerebro - Phrase,Cerebro - Phrase,gaming gloves,phrase
32.0,0.36412636591258735,0.36412636591258735,0.3637983587215701,2022-11-30,32.0,Gloves - SP - manual,broad,gaming gloves,broad
37.0,0.10107041858264006,0.10107041858264006,0.10060684766757916,2022-11-30,37.0,Brace - SP - Broad - Generic - GS,Generic Keywords,wrist brace typing,broad
37.0,0.10107041858264006,0.10107041858264006,0.10060684766757916,2022-11-30,37.0,Brace - SP - Broad - Injury KW - GS,Injury,wrist injury brace,broad
37.0,0.10107041858264006,0.10107041858264006,0.10060684766757916,2022-11-30,37.0,Brace - SP - Broad - Injury KW - GS,Injury,wrist injury support,broad
37.0,0.10107041858264006,0.10107041858264006,0.10060684766757916,2022-11-30,37.0,Brace - SP - Competitor manual,brace,night wrist brace,broad
37.0,0.10107041858264006,0.10107041858264006,0.10060684766757916,2022-11-30,37.0,Brace - SP - Exact - Injury KW - GS,Sprains,sprained wrist brace for men,exact
37.0,0.10107041858264006,0.10107041858264006,0.10060684766757916,2022-11-30,37.0,Brace - SP - Exact - Injury KW - GS,Sprains,sprained wrist brace for women,exact
37.0,0.10107041858264006,0.10107041858264006,0.10060684766757916,2022-11-30,37.0,Brace - SP - Exact - Injury KW - GS,Sprains,wrist brace for sprained wrist,exact
37.0,0.10107041858264006,0.10107041858264006,0.10060684766757916,2022-11-30,37.0,Gloves - SP - manual,exact,thumb arthritis compression gloves,exact
37.0,0.10107041858264006,0.10107041858264006,0.10060684766757916,2022-11-30,37.0,Brace - SP - Broad - Generic - GS,Generic Keywords,wrist relief for pain,broad
37.0,0.10107041858264006,0.10107041858264006,0.10060684766757916,2022-11-30,37.0,Brace - SP - Broad - Injury KW - GS,Injury,wrist injury,broad
37.0,0.10107041858264006,0.10107041858264006,0.10060684766757916,2022-11-30,37.0,Brace - SP - Broad - Injury KW - GS,Injury,wrist injury support brace,broad
37.0,0.10107041858264006,0.10107041858264006,0.10060684766757916,2022-11-30,37.0,Brace - SP - Exact - Injury KW - GS,Sprains,sprained wrist brace left,exact
37.0,0.10107041858264006,0.10107041858264006,0.10060684766757916,2022-11-30,37.0,Brace - SP - Exact - Injury KW - GS,Tendinitis,wrist wraps tendonitis,exact
37.0,0.10107041858264006,0.10107041858264006,0.10060684766757916,2022-11-30,37.0,Catch all grouped,brace,wrist copper,broad
37.0,0.10107041858264006,0.10107041858264006,0.10060684766757916,2022-11-30,37.0,Gloves - SP - Cerebro - Exact,gloves,swelling reducer for hands,exact
37.0,0.10107041858264006,0.10107041858264006,0.10060684766757916,2022-11-30,37.0,Brace - SP - Broad - Generic - GS,Generic Keywords,medical wrist brace,broad
37.0,0.10107041858264006,0.10107041858264006,0.10060684766757916,2022-11-30,37.0,Brace - SP - Broad - Generic - GS,Generic Keywords,wrist wrap injury,broad
37.0,0.10107041858264006,0.10107041858264006,0.10060684766757916,2022-11-30,37.0,Brace - SP - Broad - Injury KW - GS,Injury,wrist injury therapy,broad
37.0,0.10107041858264006,0.10107041858264006,0.10060684766757916,2022-11-30,37.0,Brace - SP - Competitor manual,brace,night wrist brace,phrase
37.0,0.10107041858264006,0.10107041858264006,0.10060684766757916,2022-11-30,37.0,Brace - SP - Exact - Injury KW - GS,Pain,hand pain relief,exact
37.0,0.10107041858264006,0.10107041858264006,0.10060684766757916,2022-11-30,37.0,Brace - SP - Exact - Injury KW - GS,Pain,wrist bandage pain,exact
37.0,0.10107041858264006,0.10107041858264006,0.10060684766757916,2022-11-30,37.0,Brace - SP - Exact - Injury KW - GS,Sprains,sprained wrist brace,exact
37.0,0.10107041858264006,0.10107041858264006,0.10060684766757916,2022-11-30,37.0,Gloves - SP - Cerebro - Amazons Choice - Exact,Gloves - SP - Cerebro - Amazons Choice - Exact,sewing gloves,exact
37.0,0.10107041858264006,0.10107041858264006,0.10060684766757916,2022-11-30,37.0,Gloves - SP - Cerebro - Exact,gloves,thumb compression sleeve,exact
37.0,0.10107041858264006,0.10107041858264006,0.10060684766757916,2022-11-30,37.0,Gloves - SP - Top Keywords,Top Keywords,hand support glove pain,phrase
37.0,0.10107041858264006,0.10107041858264006,0.10060684766757916,2022-11-30,37.0,Wallet - SP - Broad - Generic - GS,Wallet - SP - Broad - Generic - GS,rfid wallet,broad
37.0,0.10107041858264006,0.10107041858264006,0.10060684766757916,2022-11-30,37.0,Wallet - SP - Broad - Generic - GS,Wallet - SP - Broad - Generic - GS,slim wallets for men,broad
37.0,0.10107041858264006,0.10107041858264006,0.10060684766757916,2022-11-30,37.0,Wallet - SP - Broad - Generic - GS,Wallet - SP - Broad - Generic - GS,wallet rfid blocking,broad
37.0,0.10107041858264006,0.10107041858264006,0.10060684766757916,2022-11-30,37.0,Brace - SP - Broad - Injury KW - GS,Injury,injury brace,broad
37.0,0.10107041858264006,0.10107041858264006,0.10060684766757916,2022-11-30,37.0,Gloves - SP - Top Keywords,Top Keywords,hand support glove pain,exact
37.0,0.10107041858264006,0.10107041858264006,0.10060684766757916,2022-11-30,37.0,Wallet - SP - Broad - Generic - GS,Wallet - SP - Broad - Generic - GS,minimalist wallet men,broad
37.0,0.10107041858264006,0.10107041858264006,0.10060684766757916,2022-11-30,37.0,Brace - SP - Competitor manual,brace,night wrist support,broad
37.0,0.10107041858264006,0.10107041858264006,0.10060684766757916,2022-11-30,37.0,Brace - SP - Exact - Generic - GS,Left,left wrist brace women,exact
37.0,0.10107041858264006,0.10107041858264006,0.10060684766757916,2022-11-30,37.0,Brace - SP - Broad - Injury KW - GS,Tendinitis,tendonitis,broad
37.0,0.10107041858264006,0.10107041858264006,0.10060684766757916,2022-11-30,37.0,Brace - SP - Exact - Generic - GS,Generic Keywords,wrist braces,exact
37.0,0.10107041858264006,0.10107041858264006,0.10060684766757916,2022-11-30,37.0,Brace - SP - Exact - Generic - GS,Generic Keywords,wrist relief for pain,exact
37.0,0.10107041858264006,0.10107041858264006,0.10060684766757916,2022-11-30,37.0,Brace - SP - Exact - Generic - GS,Left,wrist brace left hand,exact
37.0,0.10107041858264006,0.10107041858264006,0.10060684766757916,2022-11-30,37.0,Brace - SP - Exact - Generic - GS,Right,right wrist brace women,exact
37.0,0.10107041858264006,0.10107041858264006,0.10060684766757916,2022-11-30,37.0,Catch all grouped,brace,wrist copper,phrase
37.0,0.10107041858264006,0.10107041858264006,0.10060684766757916,2022-11-30,37.0,Brace - SP - Exact - Generic - GS,Generic Keywords,wrist compression,exact
37.0,0.10107041858264006,0.10107041858264006,0.10060684766757916,2022-11-30,37.0,Brace - SP - Exact - Generic - GS,Generic Keywords,wrist wrap injury,exact
37.0,0.10107041858264006,0.10107041858264006,0.10060684766757916,2022-11-30,37.0,Brace - SP - Exact - Generic - GS,Right,right wrist support,exact
37.0,0.10107041858264006,0.10107041858264006,0.10060684766757916,2022-11-30,37.0,Brace - SP - Exact - Injury KW - GS,Pain,hand bandage pain,exact
37.0,0.10107041858264006,0.10107041858264006,0.10060684766757916,2022-11-30,37.0,Brace - SP - Broad - Injury KW - GS,Injury,sport injury brace,broad
37.0,0.10107041858264006,0.10107041858264006,0.10060684766757916,2022-11-30,37.0,Brace - SP - Broad - Injury KW - GS,Injury,wrist injury recovery,broad
37.0,0.10107041858264006,0.10107041858264006,0.10060684766757916,2022-11-30,37.0,Brace - SP - Exact - Generic - GS,Generic Keywords,wristbands pain relief,exact
37.0,0.10107041858264006,0.10107041858264006,0.10060684766757916,2022-11-30,37.0,Brace - SP - Exact - Generic - GS,Left,wrist immobilizer left hand,exact
37.0,0.10107041858264006,0.10107041858264006,0.10060684766757916,2022-11-30,37.0,Brace - SP - Exact - Generic - GS,Generic Keywords,hand wrist,exact
37.0,0.10107041858264006,0.10107041858264006,0.10060684766757916,2022-11-30,37.0,Brace - SP - Exact - Generic - GS,Generic Keywords,wrist support,exact
37.0,0.10107041858264006,0.10107041858264006,0.10060684766757916,2022-11-30,37.0,Brace - SP - Exact - Generic - GS,Generic Keywords,wrist support for small wrists,exact
37.0,0.10107041858264006,0.10107041858264006,0.10060684766757916,2022-11-30,37.0,Gloves - SP - Cerebro - Amazons Choice - Exact,Gloves - SP - Cerebro - Amazons Choice - Exact,typing gloves for cold hands,exact
37.0,0.10107041858264006,0.10107041858264006,0.10060684766757916,2022-11-30,37.0,Brace - SP - Broad - Injury KW - GS,Tendinitis,tendonitis wrist brace for women,broad
37.0,0.10107041858264006,0.10107041858264006,0.10060684766757916,2022-11-30,37.0,Brace - SP - Exact - Generic - GS,Generic Keywords,wrist immobilizer,exact
37.0,0.10107041858264006,0.10107041858264006,0.10060684766757916,2022-11-30,37.0,Gloves - SP - Cerebro - Amazons Choice - Exact,Gloves - SP - Cerebro - Amazons Choice - Exact,the gamer gloves,exact
37.0,0.10107041858264006,0.10107041858264006,0.10060684766757916,2022-11-30,37.0,Catch all grouped,brace,hand pain,phrase
37.0,0.10107041858264006,0.10107041858264006,0.10060684766757916,2022-11-30,37.0,Gloves - SP - Cerebro - Amazons Choice - Exact,Gloves - SP - Cerebro - Amazons Choice - Exact,gloves for typing in cold office,exact
37.0,0.10107041858264006,0.10107041858264006,0.10060684766757916,2022-11-30,37.0,Gloves - SP - Top Keywords,Top Keywords,hand compression gloves,phrase
37.0,0.10107041858264006,0.10107041858264006,0.10060684766757916,2022-11-30,37.0,Brace - SP - Broad - Generic - GS,Generic Keywords,hand brace,broad
37.0,0.10107041858264006,0.10107041858264006,0.10060684766757916,2022-11-30,37.0,Brace - SP - Broad - Generic - GS,Generic Keywords,hand stabilizer brace,broad
37.0,0.10107041858264006,0.10107041858264006,0.10060684766757916,2022-11-30,37.0,Brace - SP - Broad - Generic - GS,Generic Keywords,hand wrist,broad
37.0,0.10107041858264006,0.10107041858264006,0.10060684766757916,2022-11-30,37.0,Brace - SP - Broad - Generic - GS,Generic Keywords,hand wrist brace,broad
37.0,0.10107041858264006,0.10107041858264006,0.10060684766757916,2022-11-30,37.0,Brace - SP - Broad - Generic - GS,Generic Keywords,hand wrist compression,broad
37.0,0.10107041858264006,0.10107041858264006,0.10060684766757916,2022-11-30,37.0,Brace - SP - Broad - Generic - GS,Generic Keywords,wrist stabilizer,broad
37.0,0.10107041858264006,0.10107041858264006,0.10060684766757916,2022-11-30,37.0,Brace - SP - Broad - Injury KW - GS,Sprains,wrist sprain brace,broad
37.0,0.10107041858264006,0.10107041858264006,0.10060684766757916,2022-11-30,37.0,Brace - SP - Broad - Injury KW - GS,Tendinitis,tendinitis band wrist,broad
37.0,0.10107041858264006,0.10107041858264006,0.10060684766757916,2022-11-30,37.0,Brace - SP - Broad - Injury KW - GS,Tendinitis,tendonitis left wrist brace,broad
37.0,0.10107041858264006,0.10107041858264006,0.10060684766757916,2022-11-30,37.0,Brace - SP - Broad - Injury KW - GS,Tendinitis,tendonitis wrist band,broad
37.0,0.10107041858264006,0.10107041858264006,0.10060684766757916,2022-11-30,37.0,Brace - SP - Broad - Injury KW - GS,Tendinitis,tendonitis wrist brace,broad
37.0,0.10107041858264006,0.10107041858264006,0.10060684766757916,2022-11-30,37.0,Brace - SP - Broad - Injury KW - GS,Tendinitis,tendonitis wrist support,broad
37.0,0.10107041858264006,0.10107041858264006,0.10060684766757916,2022-11-30,37.0,Brace - SP - Exact - Generic - GS,Generic Keywords,hand brace,exact
37.0,0.10107041858264006,0.10107041858264006,0.10060684766757916,2022-11-30,37.0,Brace - SP - Exact - Generic - GS,Generic Keywords,wrist injury brace,exact
37.0,0.10107041858264006,0.10107041858264006,0.10060684766757916,2022-11-30,37.0,Brace - SP - Exact - Generic - GS,Left,wrist splint left hand,exact
37.0,0.10107041858264006,0.10107041858264006,0.10060684766757916,2022-11-30,37.0,Brace - SP - Exact - Injury KW - GS,Pain,hand pain,exact
37.0,0.10107041858264006,0.10107041858264006,0.10060684766757916,2022-11-30,37.0,Brace - SP - Exact - Injury KW - GS,Pain,wrist pain,exact
37.0,0.10107041858264006,0.10107041858264006,0.10060684766757916,2022-11-30,37.0,Catch all grouped,brace,wrist brace carpal tunnel,broad
37.0,0.10107041858264006,0.10107041858264006,0.10060684766757916,2022-11-30,37.0,Catch all grouped,brace,wrist orthosis,broad
37.0,0.10107041858264006,0.10107041858264006,0.10060684766757916,2022-11-30,37.0,Catch all grouped,brace,wrist orthosis,phrase
37.0,0.10107041858264006,0.10107041858264006,0.10060684766757916,2022-11-30,37.0,Catch all grouped,brace,wrist protection,broad
37.0,0.10107041858264006,0.10107041858264006,0.10060684766757916,2022-11-30,37.0,Catch all grouped,brace,wrist splint,broad
37.0,0.10107041858264006,0.10107041858264006,0.10060684766757916,2022-11-30,37.0,Catch all grouped,brace,wrist support,broad
37.0,0.10107041858264006,0.10107041858264006,0.10060684766757916,2022-11-30,37.0,Catch all grouped,brace,wrist wraps,broad
37.0,0.10107041858264006,0.10107041858264006,0.10060684766757916,2022-11-30,37.0,Catch all grouped,brace,wrist wraps,phrase
37.0,0.10107041858264006,0.10107041858264006,0.10060684766757916,2022-11-30,37.0,Catch all grouped,brace,wristbands carpal tunnel,broad
37.0,0.10107041858264006,0.10107041858264006,0.10060684766757916,2022-11-30,37.0,Catch all grouped,gloves,gloves men,phrase
37.0,0.10107041858264006,0.10107041858264006,0.10060684766757916,2022-11-30,37.0,Catch all grouped,gloves,gloves women,phrase
37.0,0.10107041858264006,0.10107041858264006,0.10060684766757916,2022-11-30,37.0,Catch all grouped,gloves,half finger gloves,broad
37.0,0.10107041858264006,0.10107041858264006,0.10060684766757916,2022-11-30,37.0,Catch all grouped,gloves,half finger gloves men,broad
37.0,0.10107041858264006,0.10107041858264006,0.10060684766757916,2022-11-30,37.0,Catch all grouped,gloves,hand brace,broad
37.0,0.10107041858264006,0.10107041858264006,0.10060684766757916,2022-11-30,37.0,Catch all grouped,gloves,hand cramp relief,exact
37.0,0.10107041858264006,0.10107041858264006,0.10060684766757916,2022-11-30,37.0,Catch all grouped,gloves,hand finger brace,broad
37.0,0.10107041858264006,0.10107041858264006,0.10060684766757916,2022-11-30,37.0,Catch all grouped,gloves,knitting gloves,broad
37.0,0.10107041858264006,0.10107041858264006,0.10060684766757916,2022-11-30,37.0,Catch all grouped,gloves,knitting gloves,phrase
37.0,0.10107041858264006,0.10107041858264006,0.10060684766757916,2022-11-30,37.0,Catch all grouped,gloves,lymphedema gloves,phrase
37.0,0.10107041858264006,0.10107041858264006,0.10060684766757916,2022-11-30,37.0,Catch all grouped,gloves,stroke gloves right hand,broad
37.0,0.10107041858264006,0.10107041858264006,0.10060684766757916,2022-11-30,37.0,Catch all grouped,gloves,wrist brace,phrase
37.0,0.10107041858264006,0.10107041858264006,0.10060684766757916,2022-11-30,37.0,Catch all grouped,gloves,wrist support,phrase
37.0,0.10107041858264006,0.10107041858264006,0.10060684766757916,2022-11-30,37.0,Gloves - SP - Cerebro - Amazons Choice - Exact,Gloves - SP - Cerebro - Amazons Choice - Exact,guantes para artritis para mujer,exact
37.0,0.10107041858264006,0.10107041858264006,0.10060684766757916,2022-11-30,37.0,Gloves - SP - Cerebro - Amazons Choice - Exact,Gloves - SP - Cerebro - Amazons Choice - Exact,hand support for arthritis,exact
37.0,0.10107041858264006,0.10107041858264006,0.10060684766757916,2022-11-30,37.0,Gloves - SP - Cerebro - Amazons Choice - Exact,Gloves - SP - Cerebro - Amazons Choice - Exact,trigger finger gloves,exact
37.0,0.10107041858264006,0.10107041858264006,0.10060684766757916,2022-11-30,37.0,Gloves - SP - Cerebro - Broad,Cerebro - Broad,hand compression,broad
37.0,0.10107041858264006,0.10107041858264006,0.10060684766757916,2022-11-30,37.0,Gloves - SP - Cerebro - Phrase,Cerebro - Phrase,hand compression,phrase
37.0,0.10107041858264006,0.10107041858264006,0.10060684766757916,2022-11-30,37.0,Gloves - SP - manual,broad,guantes para artritis mujer,broad
37.0,0.10107041858264006,0.10107041858264006,0.10060684766757916,2022-11-30,37.0,Gloves - SP - manual,broad,hand compression,broad
37.0,0.10107041858264006,0.10107041858264006,0.10060684766757916,2022-11-30,37.0,Gloves - SP - manual,broad,hand support arthritis,broad
37.0,0.10107041858264006,0.10107041858264006,0.10060684766757916,2022-11-30,37.0,Gloves - SP - manual,exact,wrist compression sleeve,exact
37.0,0.10107041858264006,0.10107041858264006,0.10060684766757916,2022-11-30,37.0,Gloves - SP - manual,pain,gloves hand pain,broad
37.0,0.10107041858264006,0.10107041858264006,0.10060684766757916,2022-11-30,37.0,Gloves - SP - manual,pain,hand pain,broad
37.0,0.10107041858264006,0.10107041858264006,0.10060684766757916,2022-11-30,37.0,Gloves - SP - manual,pain,hand pain,exact
37.0,0.10107041858264006,0.10107041858264006,0.10060684766757916,2022-11-30,37.0,Gloves - SP - manual,pain,hand pain,phrase
37.0,0.10107041858264006,0.10107041858264006,0.10060684766757916,2022-11-30,37.0,Gloves - SP - manual,pain,hand pain relief,broad
37.0,0.10107041858264006,0.10107041858264006,0.10060684766757916,2022-11-30,37.0,Gloves - SP - manual,pain,hand pain relief,exact
37.0,0.10107041858264006,0.10107041858264006,0.10060684766757916,2022-11-30,37.0,Gloves - SP - manual,pain,hand pain relief,phrase
37.0,0.10107041858264006,0.10107041858264006,0.10060684766757916,2022-11-30,37.0,Gloves - SP - manual,pain,joint pain,phrase
37.0,0.10107041858264006,0.10107041858264006,0.10060684766757916,2022-11-30,37.0,Gloves - SP - manual,pain,mu√±equeras para dolor de manos,exact
37.0,0.10107041858264006,0.10107041858264006,0.10060684766757916,2022-11-30,37.0,Gloves - SP - manual,pain,pain glove,broad
37.0,0.10107041858264006,0.10107041858264006,0.10060684766757916,2022-11-30,37.0,Gloves - SP - manual,pain,pain relief glove,phrase
37.0,0.10107041858264006,0.10107041858264006,0.10060684766757916,2022-11-30,37.0,Gloves - SP - manual,phrase,guantes de compresion,phrase
37.0,0.10107041858264006,0.10107041858264006,0.10060684766757916,2022-11-30,37.0,Gloves - SP - manual,phrase,wrist compression,phrase
37.0,0.10107041858264006,0.10107041858264006,0.10060684766757916,2022-11-30,37.0,Gloves - SP - manual,phrase,wrist support,phrase
37.0,0.10107041858264006,0.10107041858264006,0.10060684766757916,2022-11-30,37.0,Brace - SP - Broad - Injury KW - GS,Tendinitis,wrist wraps tendonitis,broad
37.0,0.10107041858264006,0.10107041858264006,0.10060684766757916,2022-11-30,37.0,Catch all grouped,brace,splint right hand,phrase
37.0,0.10107041858264006,0.10107041858264006,0.10060684766757916,2022-11-30,37.0,Catch all grouped,gloves,tremor relief,broad
37.0,0.10107041858264006,0.10107041858264006,0.10060684766757916,2022-11-30,37.0,Gloves - SP - Top Keywords,Top Keywords,wrist compression sleeve,exact
37.0,0.10107041858264006,0.10107041858264006,0.10060684766757916,2022-11-30,37.0,Gloves - SP - manual,pain,joint pain,broad
37.0,0.10107041858264006,0.10107041858264006,0.10060684766757916,2022-11-30,37.0,Gloves - SP - manual,pain,joint pain relief,phrase
41.0,0.2457145687812175,0.2457145687812175,0.24905467593177769,2022-11-30,41.0,Brace - SP - Broad - Generic - GS,Generic Keywords,sport wrist brace,broad
41.0,0.2457145687812175,0.2457145687812175,0.24905467593177769,2022-11-30,41.0,Gloves - SP - Cerebro - Broad,Cerebro - Broad,swelling reducer for hands,broad
41.0,0.2457145687812175,0.2457145687812175,0.24905467593177769,2022-11-30,41.0,Gloves - SP - Cerebro - Phrase,Cerebro - Phrase,swelling reducer for hands,phrase
41.0,0.2457145687812175,0.2457145687812175,0.24905467593177769,2022-11-30,41.0,Gloves - SP - Cerebro - Broad,Cerebro - Broad,pressure glove,broad
41.0,0.2457145687812175,0.2457145687812175,0.24905467593177769,2022-11-30,41.0,Brace - SP - Broad - Generic - GS,Generic Keywords,support brace wrist,broad
41.0,0.2457145687812175,0.2457145687812175,0.24905467593177769,2022-11-30,41.0,Brace - SP - Broad - Generic - GS,Generic Keywords,wrist brace,broad
41.0,0.2457145687812175,0.2457145687812175,0.24905467593177769,2022-11-30,41.0,Gloves - SP - Cerebro - Broad,Cerebro - Broad,typing gloves,broad
